data,cambio
03/01/1994,0.12044
04/01/1994,0.12235272727272699
05/01/1994,0.124294545454545
06/01/1994,0.126263636363636
07/01/1994,0.128263636363636
10/01/1994,0.13029090909090899
11/01/1994,0.13235272727272698
12/01/1994,0.13444727272727303
13/01/1994,0.13873636363636402
14/01/1994,0.140930909090909
17/01/1994,0.140925454545455
18/01/1994,0.14323818181818201
19/01/1994,0.14559272727272698
20/01/1994,0.14799090909090898
21/01/1994,0.15043090909090898
24/01/1994,0.15291272727272698
25/01/1994,0.155534545454545
26/01/1994,0.158196363636364
27/01/1994,0.160905454545455
28/01/1994,0.16366727272727302
31/01/1994,0.166781818181818
01/02/1994,0.16995018181818203
02/02/1994,0.173179636363636
03/02/1994,0.176471272727273
04/02/1994,0.17979818181818202
07/02/1994,0.18318363636363602
08/02/1994,0.18663418181818203
09/02/1994,0.190156727272727
10/02/1994,0.19369418181818202
11/02/1994,0.197297090909091
16/02/1994,0.200968
17/02/1994,0.20851781818181797
18/02/1994,0.21240436363636397
21/02/1994,0.21240072727272702
22/02/1994,0.21622981818181797
23/02/1994,0.220144727272727
24/02/1994,0.22414800000000001
25/02/1994,0.228246545454545
28/02/1994,0.231727272727273
01/03/1994,0.23537781818181797
02/03/1994,0.23902254545454502
03/03/1994,0.242725090909091
04/03/1994,0.24649090909090898
07/03/1994,0.25030581818181796
08/03/1994,0.25419636363636394
09/03/1994,0.25813636363636394
10/03/1994,0.262138909090909
11/03/1994,0.26621854545454504
14/03/1994,0.270424
15/03/1994,0.274700727272727
16/03/1994,0.279051636363636
17/03/1994,0.283467636363636
18/03/1994,0.288022909090909
21/03/1994,0.29288800000000004
22/03/1994,0.298070909090909
23/03/1994,0.303354545454545
24/03/1994,0.308734545454545
25/03/1994,0.314204
28/03/1994,0.31979418181818203
29/03/1994,0.325426181818182
30/03/1994,0.33212181818181796
04/04/1994,0.33850618181818204
05/04/1994,0.345018181818182
06/04/1994,0.35165018181818203
07/04/1994,0.358409090909091
08/04/1994,0.365290909090909
11/04/1994,0.37230909090909103
12/04/1994,0.379458181818182
13/04/1994,0.386752727272727
14/04/1994,0.394189090909091
15/04/1994,0.401767272727273
18/04/1994,0.40948
19/04/1994,0.417349090909091
20/04/1994,0.425341818181818
22/04/1994,0.433389090909091
25/04/1994,0.4413854545454551
26/04/1994,0.44935636363636405
27/04/1994,0.45746181818181797
28/04/1994,0.46529454545454496
29/04/1994,0.47354909090909103
02/05/1994,0.48127636363636406
03/05/1994,0.48913454545454493
04/05/1994,0.49714181818181796
05/05/1994,0.5052800000000001
06/05/1994,0.513574545454545
09/05/1994,0.522007272727273
10/05/1994,0.5306727272727271
11/05/1994,0.539592727272727
12/05/1994,0.548661818181818
13/05/1994,0.55792
16/05/1994,0.5673309090909089
17/05/1994,0.576901818181818
18/05/1994,0.5866399999999999
19/05/1994,0.596534545454545
20/05/1994,0.6066
23/05/1994,0.6168363636363641
24/05/1994,0.6272399999999999
25/05/1994,0.6378218181818179
26/05/1994,0.659516363636364
27/05/1994,0.6705563636363641
30/05/1994,0.6704909090909089
31/05/1994,0.6819090909090911
01/06/1994,0.6938545454545451
03/06/1994,0.706003636363636
06/06/1994,0.71836
07/06/1994,0.7309345454545451
08/06/1994,0.743887272727273
09/06/1994,0.75708
10/06/1994,0.770610909090909
13/06/1994,0.784425454545455
14/06/1994,0.798534545454545
15/06/1994,0.812905454545454
16/06/1994,0.827785454545454
17/06/1994,0.842949090909091
20/06/1994,0.858570909090909
21/06/1994,0.874774545454545
22/06/1994,0.891552727272727
23/06/1994,0.908643636363636
24/06/1994,0.926138181818182
27/06/1994,0.9441018181818179
28/06/1994,0.9625381818181821
29/06/1994,0.981090909090909
30/06/1994,0.95
01/07/1994,0.9
06/07/1994,0.91
11/07/1994,0.92
14/07/1994,0.92
15/07/1994,0.93
18/07/1994,0.93
19/07/1994,0.93
21/07/1994,0.93
01/08/1994,0.93
05/08/1994,0.91
10/08/1994,0.89
05/09/1994,0.89
09/09/1994,0.87
26/09/1994,0.86
27/10/1994,0.85
27/12/1994,0.85
23/01/1995,0.85
31/01/1995,0.84
20/02/1995,0.84
24/02/1995,0.8495
13/03/1995,0.8795
14/03/1995,0.88
20/03/1995,0.9
22/03/1995,0.9
03/04/1995,0.9
05/05/1995,0.9
08/06/1995,0.91
19/06/1995,0.91
30/06/1995,0.92
05/07/1995,0.92
15/08/1995,0.94
16/08/1995,0.94
17/08/1995,0.94
21/08/1995,0.94
11/09/1995,0.95
12/09/1995,0.95
02/10/1995,0.9545
03/10/1995,0.9575
04/10/1995,0.9575
05/10/1995,0.9575
09/10/1995,0.9575
10/10/1995,0.9575
11/10/1995,0.9575
13/10/1995,0.9575
16/10/1995,0.9575
17/10/1995,0.9575
19/10/1995,0.9583
20/10/1995,0.9603
23/10/1995,0.9605
24/10/1995,0.9607
25/10/1995,0.9607
27/10/1995,0.9612
30/10/1995,0.9607
31/10/1995,0.9609
03/11/1995,0.9617
06/11/1995,0.9613
07/11/1995,0.9608
08/11/1995,0.9608
09/11/1995,0.9607
10/11/1995,0.9607
14/11/1995,0.9618
16/11/1995,0.9618
17/11/1995,0.9614
20/11/1995,0.9616
21/11/1995,0.9629
22/11/1995,0.9638
23/11/1995,0.9637
24/11/1995,0.9645
27/11/1995,0.9639
28/11/1995,0.9638
29/11/1995,0.9637
30/11/1995,0.9656
01/12/1995,0.9656
04/12/1995,0.9656
05/12/1995,0.9657
06/12/1995,0.9657
07/12/1995,0.9656
08/12/1995,0.9657
11/12/1995,0.9657
12/12/1995,0.9658
13/12/1995,0.9661
14/12/1995,0.9663
15/12/1995,0.9667
18/12/1995,0.9671
19/12/1995,0.9666
20/12/1995,0.9677
21/12/1995,0.9684
22/12/1995,0.9692
26/12/1995,0.9692
27/12/1995,0.9699
28/12/1995,0.9716
29/12/1995,0.9715
02/01/1996,0.9716
03/01/1996,0.9717
04/01/1996,0.9718
05/01/1996,0.9717
08/01/1996,0.9716
09/01/1996,0.9716
10/01/1996,0.9716
12/01/1996,0.9724
15/01/1996,0.9717
16/01/1996,0.9716
17/01/1996,0.9717
18/01/1996,0.9719
19/01/1996,0.9722
22/01/1996,0.9736
23/01/1996,0.9756
24/01/1996,0.9759
25/01/1996,0.9758
26/01/1996,0.9774
29/01/1996,0.9778
30/01/1996,0.9777
31/01/1996,0.9776
01/02/1996,0.9776
02/02/1996,0.9776
05/02/1996,0.9777
06/02/1996,0.9776
07/02/1996,0.9778
08/02/1996,0.9777
09/02/1996,0.9778
12/02/1996,0.9777
13/02/1996,0.9796
14/02/1996,0.9803
15/02/1996,0.9824
16/02/1996,0.9822
21/02/1996,0.9813
22/02/1996,0.9814
23/02/1996,0.9812
26/02/1996,0.9826
28/02/1996,0.9828
29/02/1996,0.9832
01/03/1996,0.9832
04/03/1996,0.9829
05/03/1996,0.9829
06/03/1996,0.9829
07/03/1996,0.9837
08/03/1996,0.9835
11/03/1996,0.9835
12/03/1996,0.9834
13/03/1996,0.9846
14/03/1996,0.9861
18/03/1996,0.9858
20/03/1996,0.9875
21/03/1996,0.9866
22/03/1996,0.9867
25/03/1996,0.9871
26/03/1996,0.9873
27/03/1996,0.9875
28/03/1996,0.9873
29/03/1996,0.9872
01/04/1996,0.9873
02/04/1996,0.9867
03/04/1996,0.9866
04/04/1996,0.9866
08/04/1996,0.9867
09/04/1996,0.9878
10/04/1996,0.9888
11/04/1996,0.99
12/04/1996,0.9897
15/04/1996,0.9891
16/04/1996,0.9895
17/04/1996,0.9892
18/04/1996,0.9888
19/04/1996,0.9907
22/04/1996,0.9908
23/04/1996,0.9907
24/04/1996,0.9908
25/04/1996,0.9909
26/04/1996,0.9914
29/04/1996,0.9918
30/04/1996,0.9917
02/05/1996,0.9917
03/05/1996,0.9918
06/05/1996,0.9918
07/05/1996,0.9919
09/05/1996,0.9931
10/05/1996,0.9938
13/05/1996,0.9943
14/05/1996,0.9952
16/05/1996,0.9957
20/05/1996,0.9948
21/05/1996,0.9948
23/05/1996,0.9954
27/05/1996,0.9958
28/05/1996,0.9957
29/05/1996,0.9959
30/05/1996,0.9963
31/05/1996,0.9976
03/06/1996,0.9978
04/06/1996,0.9977
05/06/1996,0.9979
07/06/1996,0.9981
11/06/1996,0.9988
12/06/1996,0.9999
13/06/1996,0.9997
14/06/1996,1.0007
17/06/1996,1.0008
18/06/1996,1.0008
19/06/1996,1.0012
20/06/1996,1.0017
21/06/1996,1.0022
24/06/1996,1.0022
25/06/1996,1.0021
26/06/1996,1.0031
27/06/1996,1.0028
28/06/1996,1.0036
01/07/1996,1.0037
02/07/1996,1.0044
03/07/1996,1.0043
04/07/1996,1.0041
08/07/1996,1.0041
09/07/1996,1.0047
10/07/1996,1.0049
11/07/1996,1.0048
12/07/1996,1.0048
15/07/1996,1.0054
16/07/1996,1.0057
17/07/1996,1.0058
18/07/1996,1.0063
19/07/1996,1.0067
22/07/1996,1.0069
24/07/1996,1.0078
25/07/1996,1.0079
26/07/1996,1.0084
29/07/1996,1.0091
30/07/1996,1.0099
31/07/1996,1.0104
01/08/1996,1.01
02/08/1996,1.0096
05/08/1996,1.0093
06/08/1996,1.0099
07/08/1996,1.0108
08/08/1996,1.0107
09/08/1996,1.0111
12/08/1996,1.0114
13/08/1996,1.0118
14/08/1996,1.0121
15/08/1996,1.0122
16/08/1996,1.0127
19/08/1996,1.0128
20/08/1996,1.0136
21/08/1996,1.0139
23/08/1996,1.0145
26/08/1996,1.0147
27/08/1996,1.0151
28/08/1996,1.0153
29/08/1996,1.0159
30/08/1996,1.0161
02/09/1996,1.0157
03/09/1996,1.0159
04/09/1996,1.0164
05/09/1996,1.0166
06/09/1996,1.0171
09/09/1996,1.0182
10/09/1996,1.0194
12/09/1996,1.0189
13/09/1996,1.0192
16/09/1996,1.0184
17/09/1996,1.0187
18/09/1996,1.0188
19/09/1996,1.0188
20/09/1996,1.0191
23/09/1996,1.0194
24/09/1996,1.0194
25/09/1996,1.0197
26/09/1996,1.0197
27/09/1996,1.0202
30/09/1996,1.0207
01/10/1996,1.0207
02/10/1996,1.0207
04/10/1996,1.0212
07/10/1996,1.0217
08/10/1996,1.0217
09/10/1996,1.0225
10/10/1996,1.0239
11/10/1996,1.0246
14/10/1996,1.0239
15/10/1996,1.0243
16/10/1996,1.0245
17/10/1996,1.0242
18/10/1996,1.0244
21/10/1996,1.0246
22/10/1996,1.0255
23/10/1996,1.0262
24/10/1996,1.0256
25/10/1996,1.0264
28/10/1996,1.0271
29/10/1996,1.0277
30/10/1996,1.0267
31/10/1996,1.0268
01/11/1996,1.0272
04/11/1996,1.0272
05/11/1996,1.0272
06/11/1996,1.0272
08/11/1996,1.0287
11/11/1996,1.0289
12/11/1996,1.0303
13/11/1996,1.0301
14/11/1996,1.0297
18/11/1996,1.0296
19/11/1996,1.0295
20/11/1996,1.03
21/11/1996,1.0303
22/11/1996,1.0303
25/11/1996,1.0303
26/11/1996,1.0312
27/11/1996,1.0316
29/11/1996,1.0324
02/12/1996,1.0323
03/12/1996,1.0323
05/12/1996,1.0338
06/12/1996,1.0343
09/12/1996,1.0342
10/12/1996,1.0351
11/12/1996,1.0361
12/12/1996,1.0368
13/12/1996,1.0373
16/12/1996,1.0381
17/12/1996,1.0399
18/12/1996,1.0375
19/12/1996,1.0376
20/12/1996,1.0379
24/12/1996,1.0382
26/12/1996,1.0381
27/12/1996,1.0392
30/12/1996,1.0386
31/12/1996,1.0386
02/01/1997,1.0387
06/01/1997,1.0397
07/01/1997,1.0397
08/01/1997,1.0402
09/01/1997,1.0407
10/01/1997,1.0406
13/01/1997,1.0412
14/01/1997,1.0414
15/01/1997,1.0418
16/01/1997,1.0428
17/01/1997,1.0431
20/01/1997,1.0424
21/01/1997,1.0427
22/01/1997,1.0428
24/01/1997,1.0433
27/01/1997,1.0433
28/01/1997,1.0441
29/01/1997,1.0448
30/01/1997,1.0449
31/01/1997,1.0453
03/02/1997,1.0449
04/02/1997,1.0455
05/02/1997,1.0462
06/02/1997,1.0464
07/02/1997,1.0472
12/02/1997,1.0468
13/02/1997,1.0479
14/02/1997,1.0487
17/02/1997,1.0483
18/02/1997,1.0487
19/02/1997,1.0496
20/02/1997,1.0497
21/02/1997,1.05
24/02/1997,1.0499
25/02/1997,1.0503
26/02/1997,1.0509
27/02/1997,1.0507
28/02/1997,1.0507
03/03/1997,1.0507
04/03/1997,1.0509
05/03/1997,1.0518
06/03/1997,1.0522
07/03/1997,1.0524
10/03/1997,1.0524
11/03/1997,1.0531
12/03/1997,1.0536
13/03/1997,1.0549
14/03/1997,1.0546
17/03/1997,1.0574
18/03/1997,1.0581
19/03/1997,1.0597
20/03/1997,1.0594
21/03/1997,1.0603
24/03/1997,1.0607
25/03/1997,1.0604
26/03/1997,1.0601
31/03/1997,1.0585
01/04/1997,1.0586
03/04/1997,1.0576
04/04/1997,1.0577
07/04/1997,1.0582
09/04/1997,1.0582
10/04/1997,1.0581
11/04/1997,1.0587
14/04/1997,1.0592
15/04/1997,1.0598
16/04/1997,1.0603
17/04/1997,1.0605
22/04/1997,1.0621
23/04/1997,1.0625
24/04/1997,1.0623
25/04/1997,1.0624
28/04/1997,1.0624
29/04/1997,1.0625
02/05/1997,1.0635
05/05/1997,1.0639
06/05/1997,1.0642
07/05/1997,1.0645
08/05/1997,1.0643
09/05/1997,1.0652
12/05/1997,1.0665
13/05/1997,1.0672
14/05/1997,1.0675
16/05/1997,1.0669
19/05/1997,1.0672
20/05/1997,1.0677
21/05/1997,1.0681
23/05/1997,1.0701
26/05/1997,1.0713
28/05/1997,1.0724
30/05/1997,1.0709
02/06/1997,1.0701
03/06/1997,1.0707
04/06/1997,1.0718
09/06/1997,1.0722
10/06/1997,1.0721
11/06/1997,1.0726
13/06/1997,1.0737
16/06/1997,1.0733
17/06/1997,1.0733
18/06/1997,1.0742
19/06/1997,1.0749
20/06/1997,1.0769
23/06/1997,1.0761
24/06/1997,1.0762
25/06/1997,1.0761
27/06/1997,1.0764
30/06/1997,1.0761
01/07/1997,1.0763
02/07/1997,1.0765
04/07/1997,1.0771
07/07/1997,1.0773
08/07/1997,1.0782
09/07/1997,1.0788
10/07/1997,1.0789
11/07/1997,1.0795
14/07/1997,1.0798
15/07/1997,1.08
16/07/1997,1.0803
17/07/1997,1.0804
18/07/1997,1.0808
21/07/1997,1.0807
22/07/1997,1.0809
23/07/1997,1.0815
24/07/1997,1.0814
25/07/1997,1.0816
28/07/1997,1.0819
29/07/1997,1.0825
30/07/1997,1.0826
31/07/1997,1.0826
01/08/1997,1.0827
04/08/1997,1.0827
05/08/1997,1.0835
06/08/1997,1.0837
07/08/1997,1.0843
12/08/1997,1.0851
13/08/1997,1.0855
14/08/1997,1.0856
15/08/1997,1.0865
18/08/1997,1.0877
19/08/1997,1.0886
20/08/1997,1.0882
22/08/1997,1.0904
25/08/1997,1.0912
26/08/1997,1.0917
27/08/1997,1.0914
28/08/1997,1.0908
29/08/1997,1.0908
01/09/1997,1.0906
02/09/1997,1.0914
03/09/1997,1.0917
04/09/1997,1.0917
05/09/1997,1.0921
08/09/1997,1.0908
09/09/1997,1.0907
11/09/1997,1.0914
12/09/1997,1.0917
15/09/1997,1.0919
16/09/1997,1.0924
18/09/1997,1.0934
19/09/1997,1.0935
22/09/1997,1.0941
23/09/1997,1.0944
24/09/1997,1.0946
25/09/1997,1.0947
26/09/1997,1.0953
29/09/1997,1.0954
30/09/1997,1.0956
01/10/1997,1.0959
02/10/1997,1.0962
03/10/1997,1.0963
06/10/1997,1.0966
07/10/1997,1.0969
08/10/1997,1.0971
09/10/1997,1.0974
10/10/1997,1.0977
13/10/1997,1.0977
15/10/1997,1.0986
16/10/1997,1.0988
17/10/1997,1.0992
20/10/1997,1.0995
21/10/1997,1.0996
22/10/1997,1.1
23/10/1997,1.1001
24/10/1997,1.1004
27/10/1997,1.1019
28/10/1997,1.1056
29/10/1997,1.1016
30/10/1997,1.1055
31/10/1997,1.1023
03/11/1997,1.1022
04/11/1997,1.1033
05/11/1997,1.1033
06/11/1997,1.1061
07/11/1997,1.1074
10/11/1997,1.1045
11/11/1997,1.1042
12/11/1997,1.1056
13/11/1997,1.1062
14/11/1997,1.1074
17/11/1997,1.1059
18/11/1997,1.1058
19/11/1997,1.1073
20/11/1997,1.1073
21/11/1997,1.1086
24/11/1997,1.1089
25/11/1997,1.1096
26/11/1997,1.1096
27/11/1997,1.1081
01/12/1997,1.1088
02/12/1997,1.1088
03/12/1997,1.1096
04/12/1997,1.1098
05/12/1997,1.1097
08/12/1997,1.1111
09/12/1997,1.1114
10/12/1997,1.1121
11/12/1997,1.1143
12/12/1997,1.1154
15/12/1997,1.1135
16/12/1997,1.1126
17/12/1997,1.1133
18/12/1997,1.1136
22/12/1997,1.1143
23/12/1997,1.1142
24/12/1997,1.1142
26/12/1997,1.1143
29/12/1997,1.1149
30/12/1997,1.1156
31/12/1997,1.1156
02/01/1998,1.1157
05/01/1998,1.1157
06/01/1998,1.1161
07/01/1998,1.1167
08/01/1998,1.1172
09/01/1998,1.1176
12/01/1998,1.1184
13/01/1998,1.1179
14/01/1998,1.1182
15/01/1998,1.1198
16/01/1998,1.1197
19/01/1998,1.1193
20/01/1998,1.1197
21/01/1998,1.1199
22/01/1998,1.1198
23/01/1998,1.1207
26/01/1998,1.1208
27/01/1998,1.1216
28/01/1998,1.1219
29/01/1998,1.1222
30/01/1998,1.1229
02/02/1998,1.1228
03/02/1998,1.1236
04/02/1998,1.1237
05/02/1998,1.1237
06/02/1998,1.1246
09/02/1998,1.1247
10/02/1998,1.1256
11/02/1998,1.1257
13/02/1998,1.1268
16/02/1998,1.1266
17/02/1998,1.1276
18/02/1998,1.1278
19/02/1998,1.1284
20/02/1998,1.1287
25/02/1998,1.1289
27/02/1998,1.1296
02/03/1998,1.1297
03/03/1998,1.1298
04/03/1998,1.1306
05/03/1998,1.1306
06/03/1998,1.1307
09/03/1998,1.1315
10/03/1998,1.1316
11/03/1998,1.1317
13/03/1998,1.1326
16/03/1998,1.1327
17/03/1998,1.1327
18/03/1998,1.1336
19/03/1998,1.1336
20/03/1998,1.1338
23/03/1998,1.1341
24/03/1998,1.1344
26/03/1998,1.1352
27/03/1998,1.1356
30/03/1998,1.1357
31/03/1998,1.1366
01/04/1998,1.1367
02/04/1998,1.1367
03/04/1998,1.1376
08/04/1998,1.1386
13/04/1998,1.1389
14/04/1998,1.1396
15/04/1998,1.1399
16/04/1998,1.1401
17/04/1998,1.1406
22/04/1998,1.1417
24/04/1998,1.1427
27/04/1998,1.1433
28/04/1998,1.1441
29/04/1998,1.1445
30/04/1998,1.1435
04/05/1998,1.1434
05/05/1998,1.1441
06/05/1998,1.1444
07/05/1998,1.1443
08/05/1998,1.1447
11/05/1998,1.1451
12/05/1998,1.1455
13/05/1998,1.1466
14/05/1998,1.1465
15/05/1998,1.1464
18/05/1998,1.1467
20/05/1998,1.1481
21/05/1998,1.1489
22/05/1998,1.1507
25/05/1998,1.1508
26/05/1998,1.1523
27/05/1998,1.1512
28/05/1998,1.1492
29/05/1998,1.1497
01/06/1998,1.1512
02/06/1998,1.1509
04/06/1998,1.1509
05/06/1998,1.1516
08/06/1998,1.1521
09/06/1998,1.1528
10/06/1998,1.1538
12/06/1998,1.1545
15/06/1998,1.1543
16/06/1998,1.1541
17/06/1998,1.1545
18/06/1998,1.1549
19/06/1998,1.1554
22/06/1998,1.1546
23/06/1998,1.1547
24/06/1998,1.1551
25/06/1998,1.1553
26/06/1998,1.1556
29/06/1998,1.1558
30/06/1998,1.1561
01/07/1998,1.1564
02/07/1998,1.1564
03/07/1998,1.1567
06/07/1998,1.1575
07/07/1998,1.1581
08/07/1998,1.1589
09/07/1998,1.1604
10/07/1998,1.1604
13/07/1998,1.1611
14/07/1998,1.1626
15/07/1998,1.1607
16/07/1998,1.1613
17/07/1998,1.1609
20/07/1998,1.1599
21/07/1998,1.1602
22/07/1998,1.1612
23/07/1998,1.1639
24/07/1998,1.1647
27/07/1998,1.1653
28/07/1998,1.1627
29/07/1998,1.1624
30/07/1998,1.1616
31/07/1998,1.1626
03/08/1998,1.1635
04/08/1998,1.1651
05/08/1998,1.1663
06/08/1998,1.1673
07/08/1998,1.1675
10/08/1998,1.1684
11/08/1998,1.1681
12/08/1998,1.1692
13/08/1998,1.1708
14/08/1998,1.1708
17/08/1998,1.1722
18/08/1998,1.1731
19/08/1998,1.1734
21/08/1998,1.1745
24/08/1998,1.1742
25/08/1998,1.1739
27/08/1998,1.1745
28/08/1998,1.1755
31/08/1998,1.1761
01/09/1998,1.1764
02/09/1998,1.1766
03/09/1998,1.1772
04/09/1998,1.1776
08/09/1998,1.1761
09/09/1998,1.1784
10/09/1998,1.1786
11/09/1998,1.1785
14/09/1998,1.1795
16/09/1998,1.1788
17/09/1998,1.1793
18/09/1998,1.18
21/09/1998,1.1808
22/09/1998,1.1822
24/09/1998,1.1827
28/09/1998,1.1841
29/09/1998,1.1842
30/09/1998,1.1848
01/10/1998,1.1799
02/10/1998,1.1829
05/10/1998,1.1852
06/10/1998,1.1841
07/10/1998,1.1823
08/10/1998,1.1838
09/10/1998,1.1859
13/10/1998,1.1869
15/10/1998,1.1878
16/10/1998,1.1878
19/10/1998,1.1891
20/10/1998,1.1888
21/10/1998,1.1891
22/10/1998,1.1897
23/10/1998,1.1903
26/10/1998,1.1905
27/10/1998,1.1914
28/10/1998,1.1916
29/10/1998,1.1914
30/10/1998,1.1924
03/11/1998,1.1921
04/11/1998,1.1908
05/11/1998,1.1897
06/11/1998,1.1876
09/11/1998,1.1891
10/11/1998,1.1903
11/11/1998,1.19
12/11/1998,1.1905
13/11/1998,1.1907
16/11/1998,1.1901
17/11/1998,1.1901
18/11/1998,1.1905
19/11/1998,1.1924
20/11/1998,1.1942
23/11/1998,1.1966
25/11/1998,1.1974
26/11/1998,1.1984
27/11/1998,1.1995
30/11/1998,1.2004
01/12/1998,1.2008
02/12/1998,1.2005
03/12/1998,1.2015
04/12/1998,1.2018
07/12/1998,1.2021
08/12/1998,1.2027
09/12/1998,1.2029
10/12/1998,1.2026
11/12/1998,1.2032
15/12/1998,1.2044
16/12/1998,1.2045
17/12/1998,1.2057
21/12/1998,1.2061
22/12/1998,1.2066
24/12/1998,1.2071
28/12/1998,1.2076
29/12/1998,1.2076
30/12/1998,1.2075
31/12/1998,1.2079
05/01/1999,1.2077
06/01/1999,1.2088
07/01/1999,1.2093
08/01/1999,1.2096
11/01/1999,1.2101
12/01/1999,1.2106
13/01/1999,1.3185
14/01/1999,1.3186
15/01/1999,1.4651
18/01/1999,1.5376
19/01/1999,1.5572
20/01/1999,1.5727
21/01/1999,1.6594
22/01/1999,1.7041
25/01/1999,1.7598
26/01/1999,1.8762
27/01/1999,1.8878
28/01/1999,1.9198
29/01/1999,1.9824
02/02/1999,1.7972
03/02/1999,1.7701
04/02/1999,1.8132
05/02/1999,1.8309
08/02/1999,1.8601
09/02/1999,1.9325
10/02/1999,1.8945
12/02/1999,1.8976
17/02/1999,1.9171
18/02/1999,1.9021
19/02/1999,1.92
22/02/1999,1.9348
24/02/1999,2.0025
25/02/1999,2.0343
01/03/1999,2.0276
02/03/1999,2.13
03/03/1999,2.1639
04/03/1999,2.1014
05/03/1999,1.9926
08/03/1999,1.97
09/03/1999,1.9048
10/03/1999,1.8623
11/03/1999,1.8776
12/03/1999,1.9043
15/03/1999,1.8817
16/03/1999,1.8513
17/03/1999,1.8769
18/03/1999,1.8588
19/03/1999,1.8499
22/03/1999,1.8607
23/03/1999,1.8508
25/03/1999,1.8092
26/03/1999,1.7742
29/03/1999,1.7647
30/03/1999,1.7326
31/03/1999,1.7212
05/04/1999,1.7243
06/04/1999,1.7306
07/04/1999,1.7287
08/04/1999,1.7198
09/04/1999,1.7082
12/04/1999,1.7046
13/04/1999,1.6712
14/04/1999,1.6567
16/04/1999,1.6692
19/04/1999,1.6713
20/04/1999,1.7093
22/04/1999,1.7006
23/04/1999,1.6843
27/04/1999,1.7061
28/04/1999,1.6955
29/04/1999,1.6668
30/04/1999,1.6599
03/05/1999,1.6727
04/05/1999,1.6726
05/05/1999,1.6839
06/05/1999,1.6721
07/05/1999,1.6704
12/05/1999,1.6606
13/05/1999,1.6502
14/05/1999,1.6562
17/05/1999,1.6662
18/05/1999,1.6651
19/05/1999,1.6628
20/05/1999,1.6826
21/05/1999,1.6955
24/05/1999,1.6977
25/05/1999,1.7472
26/05/1999,1.7178
27/05/1999,1.7129
28/05/1999,1.7303
31/05/1999,1.7232
01/06/1999,1.7328
02/06/1999,1.7534
04/06/1999,1.7357
07/06/1999,1.7404
08/06/1999,1.7471
09/06/1999,1.7483
10/06/1999,1.7589
11/06/1999,1.7722
14/06/1999,1.7775
15/06/1999,1.7884
16/06/1999,1.7667
17/06/1999,1.7597
18/06/1999,1.7477
21/06/1999,1.7628
24/06/1999,1.7995
25/06/1999,1.7896
28/06/1999,1.7892
29/06/1999,1.7664
30/06/1999,1.7687
01/07/1999,1.7567
02/07/1999,1.7698
05/07/1999,1.7655
06/07/1999,1.7746
07/07/1999,1.7807
08/07/1999,1.7903
09/07/1999,1.8036
12/07/1999,1.8182
13/07/1999,1.8384
14/07/1999,1.8101
15/07/1999,1.8273
16/07/1999,1.8099
19/07/1999,1.7921
20/07/1999,1.7974
21/07/1999,1.8163
22/07/1999,1.8163
23/07/1999,1.8139
26/07/1999,1.8195
27/07/1999,1.8165
28/07/1999,1.7907
29/07/1999,1.7931
30/07/1999,1.7884
02/08/1999,1.8107
04/08/1999,1.8209
05/08/1999,1.8468
06/08/1999,1.8485
09/08/1999,1.8446
10/08/1999,1.8721
11/08/1999,1.8622
12/08/1999,1.8503
13/08/1999,1.8703
17/08/1999,1.8812
18/08/1999,1.8919
19/08/1999,1.9163
20/08/1999,1.9489
23/08/1999,1.8698
24/08/1999,1.9018
25/08/1999,1.9303
26/08/1999,1.9079
27/08/1999,1.9235
30/08/1999,1.9428
31/08/1999,1.9151
01/09/1999,1.9209
02/09/1999,1.9236
03/09/1999,1.9032
06/09/1999,1.9051
08/09/1999,1.8975
09/09/1999,1.8727
10/09/1999,1.8613
13/09/1999,1.8814
14/09/1999,1.8915
15/09/1999,1.8771
16/09/1999,1.8786
17/09/1999,1.8853
20/09/1999,1.8737
21/09/1999,1.8783
22/09/1999,1.8898
23/09/1999,1.8906
24/09/1999,1.9136
27/09/1999,1.9166
28/09/1999,1.9385
29/09/1999,1.9216
30/09/1999,1.9215
01/10/1999,1.9557
05/10/1999,1.9517
06/10/1999,1.9592
07/10/1999,1.9331
08/10/1999,1.9422
11/10/1999,1.9542
13/10/1999,1.9579
15/10/1999,1.9786
18/10/1999,1.9821
19/10/1999,1.9925
20/10/1999,2.0017
21/10/1999,1.9928
22/10/1999,1.9826
25/10/1999,1.9769
26/10/1999,1.9861
27/10/1999,1.9946
28/10/1999,1.9781
29/10/1999,1.9522
01/11/1999,1.9423
03/11/1999,1.9406
04/11/1999,1.9287
05/11/1999,1.9147
08/11/1999,1.9258
09/11/1999,1.9233
12/11/1999,1.9323
16/11/1999,1.9323
17/11/1999,1.9319
18/11/1999,1.9282
19/11/1999,1.9305
22/11/1999,1.9314
24/11/1999,1.9287
25/11/1999,1.9292
26/11/1999,1.9255
29/11/1999,1.9205
30/11/1999,1.9219
01/12/1999,1.9213
02/12/1999,1.8942
03/12/1999,1.8766
06/12/1999,1.8661
07/12/1999,1.8586
08/12/1999,1.8619
10/12/1999,1.8659
13/12/1999,1.8556
14/12/1999,1.8455
15/12/1999,1.8493
16/12/1999,1.8399
21/12/1999,1.8226
22/12/1999,1.8196
23/12/1999,1.8278
24/12/1999,1.8282
27/12/1999,1.8259
28/12/1999,1.8281
29/12/1999,1.8162
30/12/1999,1.7882
31/12/1999,1.7882
03/01/2000,1.8003
04/01/2000,1.8329
05/01/2000,1.8536
06/01/2000,1.8453
07/01/2000,1.8273
10/01/2000,1.8153
11/01/2000,1.8211
12/01/2000,1.8306
13/01/2000,1.8185
14/01/2000,1.7989
17/01/2000,1.7949
18/01/2000,1.7916
19/01/2000,1.7976
20/01/2000,1.7793
21/01/2000,1.7776
24/01/2000,1.7644
25/01/2000,1.7733
26/01/2000,1.7761
27/01/2000,1.7745
28/01/2000,1.7867
31/01/2000,1.8016
01/02/2000,1.7924
02/02/2000,1.7892
03/02/2000,1.7771
04/02/2000,1.7777
07/02/2000,1.7651
08/02/2000,1.7646
09/02/2000,1.7624
10/02/2000,1.7687
11/02/2000,1.7639
14/02/2000,1.7691
15/02/2000,1.7756
16/02/2000,1.7724
17/02/2000,1.7732
18/02/2000,1.7697
21/02/2000,1.7776
22/02/2000,1.7817
23/02/2000,1.7878
24/02/2000,1.7771
25/02/2000,1.7733
29/02/2000,1.7677
02/03/2000,1.7592
03/03/2000,1.7503
09/03/2000,1.7335
10/03/2000,1.7378
13/03/2000,1.7494
14/03/2000,1.7364
15/03/2000,1.7423
16/03/2000,1.7349
17/03/2000,1.7399
21/03/2000,1.7373
22/03/2000,1.7297
23/03/2000,1.7234
24/03/2000,1.7226
27/03/2000,1.7354
28/03/2000,1.7448
29/03/2000,1.7371
30/03/2000,1.7514
31/03/2000,1.7465
03/04/2000,1.7399
04/04/2000,1.7417
05/04/2000,1.7524
06/04/2000,1.7415
07/04/2000,1.7431
10/04/2000,1.7379
12/04/2000,1.7463
13/04/2000,1.7625
14/04/2000,1.7825
17/04/2000,1.7865
18/04/2000,1.7688
19/04/2000,1.7654
20/04/2000,1.7776
24/04/2000,1.7908
26/04/2000,1.7977
27/04/2000,1.8075
28/04/2000,1.8059
02/05/2000,1.8
03/05/2000,1.8154
04/05/2000,1.8136
09/05/2000,1.8071
10/05/2000,1.8161
11/05/2000,1.8154
12/05/2000,1.8258
15/05/2000,1.8374
17/05/2000,1.8284
18/05/2000,1.8297
19/05/2000,1.8446
23/05/2000,1.8529
24/05/2000,1.8529
25/05/2000,1.8384
26/05/2000,1.8447
30/05/2000,1.8297
31/05/2000,1.8258
01/06/2000,1.8194
02/06/2000,1.8096
05/06/2000,1.7925
06/06/2000,1.7891
07/06/2000,1.8028
09/06/2000,1.7991
12/06/2000,1.8032
13/06/2000,1.8092
14/06/2000,1.8099
15/06/2000,1.8071
16/06/2000,1.8065
19/06/2000,1.8022
20/06/2000,1.7983
21/06/2000,1.8113
23/06/2000,1.8195
26/06/2000,1.8274
27/06/2000,1.8227
28/06/2000,1.8187
29/06/2000,1.8164
30/06/2000,1.7992
03/07/2000,1.8072
04/07/2000,1.8113
05/07/2000,1.8039
06/07/2000,1.7962
07/07/2000,1.7964
10/07/2000,1.7998
11/07/2000,1.7964
12/07/2000,1.8026
13/07/2000,1.8096
14/07/2000,1.8098
17/07/2000,1.7971
18/07/2000,1.7962
19/07/2000,1.8036
20/07/2000,1.8007
21/07/2000,1.7913
24/07/2000,1.7948
26/07/2000,1.7917
27/07/2000,1.7839
01/08/2000,1.7872
02/08/2000,1.7908
03/08/2000,1.8071
04/08/2000,1.7911
07/08/2000,1.7953
08/08/2000,1.7984
09/08/2000,1.7942
10/08/2000,1.7954
11/08/2000,1.7951
14/08/2000,1.8013
15/08/2000,1.8048
16/08/2000,1.8062
17/08/2000,1.8088
18/08/2000,1.8166
21/08/2000,1.8191
22/08/2000,1.8161
23/08/2000,1.8178
24/08/2000,1.8196
25/08/2000,1.8205
28/08/2000,1.8269
29/08/2000,1.8341
30/08/2000,1.8251
31/08/2000,1.8226
04/09/2000,1.8247
05/09/2000,1.8286
06/09/2000,1.8199
08/09/2000,1.8216
11/09/2000,1.8191
12/09/2000,1.8271
13/09/2000,1.8312
14/09/2000,1.8309
20/09/2000,1.8538
21/09/2000,1.8509
22/09/2000,1.8586
25/09/2000,1.8412
26/09/2000,1.8498
27/09/2000,1.8484
28/09/2000,1.8471
29/09/2000,1.8429
02/10/2000,1.8475
04/10/2000,1.8521
05/10/2000,1.8493
06/10/2000,1.8512
09/10/2000,1.8566
10/10/2000,1.8533
11/10/2000,1.8595
13/10/2000,1.8756
16/10/2000,1.8696
17/10/2000,1.8659
18/10/2000,1.8787
19/10/2000,1.8706
20/10/2000,1.8788
24/10/2000,1.8973
25/10/2000,1.9274
26/10/2000,1.9332
27/10/2000,1.9232
30/10/2000,1.9176
31/10/2000,1.9082
01/11/2000,1.9091
03/11/2000,1.9278
06/11/2000,1.9454
07/11/2000,1.9565
08/11/2000,1.9495
09/11/2000,1.9675
10/11/2000,1.9558
13/11/2000,1.9571
14/11/2000,1.9433
16/11/2000,1.9478
17/11/2000,1.9601
20/11/2000,1.9357
21/11/2000,1.9092
22/11/2000,1.9314
23/11/2000,1.9405
24/11/2000,1.9552
27/11/2000,1.9563
29/11/2000,1.9602
30/11/2000,1.9588
01/12/2000,1.9787
04/12/2000,1.9839
06/12/2000,1.9649
08/12/2000,1.9687
12/12/2000,1.9668
13/12/2000,1.9615
14/12/2000,1.9627
18/12/2000,1.9531
19/12/2000,1.9548
20/12/2000,1.9551
22/12/2000,1.9516
27/12/2000,1.96
28/12/2000,1.9546
29/12/2000,1.9546
02/01/2001,1.9376
03/01/2001,1.9414
04/01/2001,1.9349
05/01/2001,1.9476
08/01/2001,1.9516
09/01/2001,1.9433
10/01/2001,1.9421
11/01/2001,1.9455
12/01/2001,1.95
15/01/2001,1.9467
16/01/2001,1.9508
17/01/2001,1.9493
18/01/2001,1.9519
19/01/2001,1.9545
22/01/2001,1.9563
23/01/2001,1.9578
24/01/2001,1.9587
26/01/2001,1.9732
29/01/2001,1.9745
30/01/2001,1.9706
31/01/2001,1.9703
01/02/2001,1.9731
02/02/2001,1.9926
05/02/2001,1.9937
06/02/2001,1.9972
07/02/2001,2.0037
08/02/2001,1.9951
09/02/2001,1.9876
12/02/2001,1.9805
13/02/2001,1.9795
14/02/2001,1.9886
15/02/2001,1.9804
16/02/2001,1.9932
19/02/2001,2.0019
20/02/2001,2.0055
21/02/2001,2.0232
23/02/2001,2.0428
28/02/2001,2.0444
02/03/2001,2.0347
05/03/2001,2.0224
06/03/2001,2.02
07/03/2001,2.0383
08/03/2001,2.0377
09/03/2001,2.0591
12/03/2001,2.0544
13/03/2001,2.0614
14/03/2001,2.0755
15/03/2001,2.0856
16/03/2001,2.1209
19/03/2001,2.1269
20/03/2001,2.0921
21/03/2001,2.0992
22/03/2001,2.1411
23/03/2001,2.1578
26/03/2001,2.1365
27/03/2001,2.1228
28/03/2001,2.1162
29/03/2001,2.1361
30/03/2001,2.1608
02/04/2001,2.1576
03/04/2001,2.1724
04/04/2001,2.1624
05/04/2001,2.1581
06/04/2001,2.1513
09/04/2001,2.1634
10/04/2001,2.1414
11/04/2001,2.1376
12/04/2001,2.1565
16/04/2001,2.1817
18/04/2001,2.1742
19/04/2001,2.1874
20/04/2001,2.2356
23/04/2001,2.2578
25/04/2001,2.3003
26/04/2001,2.2533
27/04/2001,2.2172
30/04/2001,2.1839
02/05/2001,2.2231
03/05/2001,2.2345
04/05/2001,2.2179
07/05/2001,2.1949
08/05/2001,2.2311
09/05/2001,2.2578
10/05/2001,2.2687
11/05/2001,2.2855
14/05/2001,2.3054
15/05/2001,2.3376
16/05/2001,2.3211
17/05/2001,2.3028
18/05/2001,2.2933
22/05/2001,2.3054
23/05/2001,2.3419
24/05/2001,2.3486
25/05/2001,2.3395
28/05/2001,2.3257
29/05/2001,2.3417
30/05/2001,2.3588
31/05/2001,2.3592
01/06/2001,2.3825
04/06/2001,2.3621
05/06/2001,2.3887
06/06/2001,2.3813
07/06/2001,2.3872
08/06/2001,2.3611
11/06/2001,2.3714
12/06/2001,2.3898
15/06/2001,2.4071
18/06/2001,2.4578
19/06/2001,2.4667
21/06/2001,2.4046
22/06/2001,2.3288
25/06/2001,2.2989
26/06/2001,2.3131
27/06/2001,2.3228
28/06/2001,2.2915
29/06/2001,2.3041
02/07/2001,2.3241
03/07/2001,2.3387
04/07/2001,2.3899
05/07/2001,2.4105
06/07/2001,2.4935
10/07/2001,2.4794
11/07/2001,2.5292
12/07/2001,2.5415
16/07/2001,2.5971
17/07/2001,2.5296
18/07/2001,2.4688
19/07/2001,2.5024
20/07/2001,2.4565
23/07/2001,2.41
24/07/2001,2.4239
25/07/2001,2.4906
26/07/2001,2.4828
27/07/2001,2.4963
30/07/2001,2.4326
31/07/2001,2.4305
01/08/2001,2.4927
02/08/2001,2.4869
03/08/2001,2.4876
06/08/2001,2.4682
07/08/2001,2.4455
08/08/2001,2.4696
10/08/2001,2.4834
13/08/2001,2.4902
14/08/2001,2.5132
15/08/2001,2.4997
16/08/2001,2.4869
17/08/2001,2.5227
20/08/2001,2.5298
21/08/2001,2.5345
22/08/2001,2.5223
23/08/2001,2.5274
24/08/2001,2.5492
27/08/2001,2.5577
28/08/2001,2.5556
29/08/2001,2.5466
30/08/2001,2.5395
31/08/2001,2.5509
03/09/2001,2.5582
04/09/2001,2.5634
05/09/2001,2.5661
06/09/2001,2.5919
10/09/2001,2.6005
11/09/2001,2.6361
12/09/2001,2.6733
14/09/2001,2.6978
17/09/2001,2.6671
18/09/2001,2.6785
19/09/2001,2.7057
20/09/2001,2.7314
21/09/2001,2.7999
24/09/2001,2.7667
25/09/2001,2.7125
26/09/2001,2.7256
27/09/2001,2.7042
28/09/2001,2.6705
01/10/2001,2.6858
03/10/2001,2.7279
04/10/2001,2.7318
05/10/2001,2.7532
09/10/2001,2.7789
10/10/2001,2.7776
11/10/2001,2.7791
15/10/2001,2.7782
16/10/2001,2.7518
17/10/2001,2.7203
18/10/2001,2.7417
19/10/2001,2.7565
22/10/2001,2.7168
26/10/2001,2.7282
29/10/2001,2.7238
30/10/2001,2.7223
31/10/2001,2.7063
01/11/2001,2.6812
05/11/2001,2.62
06/11/2001,2.5995
07/11/2001,2.6047
08/11/2001,2.5563
09/11/2001,2.5339
12/11/2001,2.5494
13/11/2001,2.5262
14/11/2001,2.5291
16/11/2001,2.5384
19/11/2001,2.5146
20/11/2001,2.5342
21/11/2001,2.5403
22/11/2001,2.5375
23/11/2001,2.5126
26/11/2001,2.4886
27/11/2001,2.4596
28/11/2001,2.4849
29/11/2001,2.5064
30/11/2001,2.5279
03/12/2001,2.4664
04/12/2001,2.4281
05/12/2001,2.4298
06/12/2001,2.4427
07/12/2001,2.3997
10/12/2001,2.3571
11/12/2001,2.3409
12/12/2001,2.3543
13/12/2001,2.3839
14/12/2001,2.3832
17/12/2001,2.3572
18/12/2001,2.3422
19/12/2001,2.2922
20/12/2001,2.3194
21/12/2001,2.3303
26/12/2001,2.3137
27/12/2001,2.3207
28/12/2001,2.3196
31/12/2001,2.3196
02/01/2002,2.3058
03/01/2002,2.2924
04/01/2002,2.3093
08/01/2002,2.3446
09/01/2002,2.3786
10/01/2002,2.3888
14/01/2002,2.4064
15/01/2002,2.3697
16/01/2002,2.3859
17/01/2002,2.3633
18/01/2002,2.3744
21/01/2002,2.3734
22/01/2002,2.3659
23/01/2002,2.3796
24/01/2002,2.3973
25/01/2002,2.4038
29/01/2002,2.4226
30/01/2002,2.4376
31/01/2002,2.4175
01/02/2002,2.4153
05/02/2002,2.4206
06/02/2002,2.4198
08/02/2002,2.4683
13/02/2002,2.4224
14/02/2002,2.4241
15/02/2002,2.4372
18/02/2002,2.4276
19/02/2002,2.4241
20/02/2002,2.4276
21/02/2002,2.4233
22/02/2002,2.4265
25/02/2002,2.4054
26/02/2002,2.3939
27/02/2002,2.3819
28/02/2002,2.3474
01/03/2002,2.3588
04/03/2002,2.3424
05/03/2002,2.3243
06/03/2002,2.3512
07/03/2002,2.3655
08/03/2002,2.3574
11/03/2002,2.3479
12/03/2002,2.3488
14/03/2002,2.3433
15/03/2002,2.3534
18/03/2002,2.3398
19/03/2002,2.3424
20/03/2002,2.3372
21/03/2002,2.3467
22/03/2002,2.35
25/03/2002,2.3633
26/03/2002,2.3494
27/03/2002,2.3363
28/03/2002,2.3228
01/04/2002,2.3212
02/04/2002,2.3014
03/04/2002,2.2969
05/04/2002,2.2916
08/04/2002,2.2899
09/04/2002,2.2834
11/04/2002,2.2701
15/04/2002,2.3172
16/04/2002,2.3164
17/04/2002,2.3157
18/04/2002,2.3319
19/04/2002,2.3261
22/04/2002,2.3339
23/04/2002,2.3479
25/04/2002,2.3658
29/04/2002,2.3681
30/04/2002,2.3617
02/05/2002,2.3762
03/05/2002,2.4141
06/05/2002,2.4319
07/05/2002,2.4166
08/05/2002,2.4333
09/05/2002,2.4511
13/05/2002,2.4944
14/05/2002,2.5146
15/05/2002,2.5109
16/05/2002,2.4791
17/05/2002,2.4755
20/05/2002,2.4729
21/05/2002,2.4779
22/05/2002,2.5008
23/05/2002,2.5288
24/05/2002,2.5232
29/05/2002,2.5193
31/05/2002,2.5212
03/06/2002,2.5405
04/06/2002,2.5689
05/06/2002,2.6078
07/06/2002,2.67
10/06/2002,2.6359
11/06/2002,2.6656
12/06/2002,2.7478
13/06/2002,2.6914
14/06/2002,2.7173
17/06/2002,2.6815
18/06/2002,2.6692
19/06/2002,2.7022
20/06/2002,2.7497
21/06/2002,2.7902
24/06/2002,2.8261
25/06/2002,2.7987
26/06/2002,2.8576
27/06/2002,2.8585
28/06/2002,2.8436
01/07/2002,2.8587
02/07/2002,2.9133
03/07/2002,2.8609
04/07/2002,2.8473
05/07/2002,2.8738
08/07/2002,2.8703
09/07/2002,2.8543
10/07/2002,2.8533
11/07/2002,2.8224
12/07/2002,2.8139
15/07/2002,2.8447
16/07/2002,2.8663
17/07/2002,2.8775
18/07/2002,2.8764
19/07/2002,2.8663
22/07/2002,2.8808
23/07/2002,2.9124
24/07/2002,2.9471
25/07/2002,2.9814
26/07/2002,3.0169
29/07/2002,3.1441
30/07/2002,3.2684
31/07/2002,3.4277
01/08/2002,3.3267
02/08/2002,3.0294
05/08/2002,3.0724
06/08/2002,3.2062
08/08/2002,2.8875
09/08/2002,2.9956
12/08/2002,3.0971
13/08/2002,3.2086
14/08/2002,3.1957
15/08/2002,3.1904
16/08/2002,3.1612
19/08/2002,3.1134
20/08/2002,3.0915
21/08/2002,3.0786
22/08/2002,3.1409
23/08/2002,3.1128
27/08/2002,3.0941
28/08/2002,3.1211
29/08/2002,3.1231
30/08/2002,3.0215
02/09/2002,3.0278
04/09/2002,3.1317
05/09/2002,3.1504
06/09/2002,3.1775
09/09/2002,3.1304
10/09/2002,3.1298
11/09/2002,3.1145
12/09/2002,3.1231
13/09/2002,3.1498
16/09/2002,3.1876
18/09/2002,3.3232
19/09/2002,3.3835
20/09/2002,3.4269
24/09/2002,3.6208
25/09/2002,3.7249
26/09/2002,3.7508
27/09/2002,3.8533
30/09/2002,3.8941
01/10/2002,3.7459
02/10/2002,3.5928
03/10/2002,3.6944
04/10/2002,3.6585
07/10/2002,3.6957
08/10/2002,3.7009
09/10/2002,3.8512
11/10/2002,3.9227
14/10/2002,3.8605
15/10/2002,3.8559
16/10/2002,3.8736
17/10/2002,3.9237
18/10/2002,3.8751
21/10/2002,3.9117
22/10/2002,3.9544
23/10/2002,3.8696
24/10/2002,3.8609
25/10/2002,3.8007
28/10/2002,3.7398
29/10/2002,3.8203
30/10/2002,3.7435
31/10/2002,3.6442
01/11/2002,3.6105
05/11/2002,3.5617
06/11/2002,3.5968
08/11/2002,3.5263
11/11/2002,3.5027
12/11/2002,3.5519
13/11/2002,3.6334
14/11/2002,3.6789
18/11/2002,3.5881
19/11/2002,3.5539
20/11/2002,3.5138
21/11/2002,3.5095
22/11/2002,3.5608
25/11/2002,3.5484
26/11/2002,3.5864
28/11/2002,3.6022
29/11/2002,3.6357
02/12/2002,3.6152
03/12/2002,3.6617
04/12/2002,3.7041
05/12/2002,3.7506
06/12/2002,3.7518
09/12/2002,3.7972
10/12/2002,3.7677
11/12/2002,3.7946
12/12/2002,3.7527
13/12/2002,3.7334
17/12/2002,3.5819
18/12/2002,3.5308
19/12/2002,3.5039
23/12/2002,3.4939
24/12/2002,3.5002
26/12/2002,3.5243
27/12/2002,3.5405
30/12/2002,3.5325
31/12/2002,3.5325
02/01/2003,3.5216
06/01/2003,3.3656
07/01/2003,3.3415
08/01/2003,3.3116
09/01/2003,3.3289
13/01/2003,3.2948
15/01/2003,3.2975
16/01/2003,3.2929
17/01/2003,3.3624
20/01/2003,3.4095
21/01/2003,3.4394
22/01/2003,3.5181
23/01/2003,3.4893
24/01/2003,3.5915
27/01/2003,3.6615
28/01/2003,3.6304
29/01/2003,3.6409
30/01/2003,3.5688
03/02/2003,3.4922
04/02/2003,3.5398
05/02/2003,3.5837
06/02/2003,3.6037
07/02/2003,3.5794
10/02/2003,3.6034
11/02/2003,3.5729
12/02/2003,3.5995
13/02/2003,3.6351
14/02/2003,3.6572
17/02/2003,3.6224
18/02/2003,3.5881
19/02/2003,3.5927
20/02/2003,3.6059
21/02/2003,3.6089
24/02/2003,3.5862
25/02/2003,3.6005
26/02/2003,3.5809
27/02/2003,3.5842
28/02/2003,3.5624
05/03/2003,3.5629
06/03/2003,3.5252
07/03/2003,3.5002
10/03/2003,3.5273
11/03/2003,3.5053
12/03/2003,3.4755
13/03/2003,3.4285
17/03/2003,3.4434
18/03/2003,3.43
19/03/2003,3.4568
20/03/2003,3.4822
21/03/2003,3.4454
24/03/2003,3.4062
25/03/2003,3.3884
26/03/2003,3.3739
27/03/2003,3.4023
28/03/2003,3.3749
31/03/2003,3.3523
01/04/2003,3.3351
02/04/2003,3.2787
03/04/2003,3.2555
04/04/2003,3.2461
07/04/2003,3.1715
08/04/2003,3.1641
09/04/2003,3.1849
10/04/2003,3.2149
11/04/2003,3.2139
15/04/2003,3.1146
16/04/2003,3.0744
17/04/2003,3.0281
22/04/2003,3.0631
23/04/2003,3.0139
24/04/2003,3.0021
25/04/2003,3.0115
28/04/2003,2.9907
29/04/2003,2.9243
02/05/2003,2.9151
05/05/2003,2.9837
06/05/2003,3.0269
07/05/2003,2.9631
08/05/2003,2.9169
09/05/2003,2.8794
12/05/2003,2.8749
13/05/2003,2.8645
14/05/2003,2.8894
15/05/2003,2.9294
16/05/2003,2.9723
19/05/2003,2.9807
20/05/2003,3.0133
21/05/2003,3.0101
22/05/2003,2.9834
23/05/2003,2.9437
26/05/2003,2.9557
27/05/2003,3.0249
28/05/2003,3.0132
30/05/2003,2.9648
02/06/2003,2.9772
03/06/2003,2.9632
04/06/2003,2.9104
05/06/2003,2.8921
06/06/2003,2.8483
09/06/2003,2.86742
10/06/2003,2.8595
11/06/2003,2.8684
12/06/2003,2.8612
13/06/2003,2.8562
16/06/2003,2.85
17/06/2003,2.8736
18/06/2003,2.8894
20/06/2003,2.8925
24/06/2003,2.8608
25/06/2003,2.8551
26/06/2003,2.8932
27/06/2003,2.8804
30/06/2003,2.8712
01/07/2003,2.8435
02/07/2003,2.8211
03/07/2003,2.8324
04/07/2003,2.8291
07/07/2003,2.8686
08/07/2003,2.8815
09/07/2003,2.8663
10/07/2003,2.8914
11/07/2003,2.9021
14/07/2003,2.8745
15/07/2003,2.8546
16/07/2003,2.8669
17/07/2003,2.8555
18/07/2003,2.8766
22/07/2003,2.8818
24/07/2003,2.8953
25/07/2003,2.8877
28/07/2003,2.8957
29/07/2003,2.9147
30/07/2003,2.9465
31/07/2003,2.9647
01/08/2003,2.9998
04/08/2003,3.0732
05/08/2003,3.0358
06/08/2003,3.0382
07/08/2003,3.0061
08/08/2003,2.9884
11/08/2003,2.9937
12/08/2003,3.0229
13/08/2003,3.0301
14/08/2003,3.0132
15/08/2003,2.9922
19/08/2003,2.9965
20/08/2003,3.0002
21/08/2003,3.0024
22/08/2003,2.9918
25/08/2003,2.9887
26/08/2003,2.9888
27/08/2003,2.9726
28/08/2003,2.9523
29/08/2003,2.9657
01/09/2003,2.9832
02/09/2003,2.9781
05/09/2003,2.9208
08/09/2003,2.9147
09/09/2003,2.9298
10/09/2003,2.9117
11/09/2003,2.8983
12/09/2003,2.8951
16/09/2003,2.8959
17/09/2003,2.8959
18/09/2003,2.8967
19/09/2003,2.9057
22/09/2003,2.9013
23/09/2003,2.9137
24/09/2003,2.9236
25/09/2003,2.9298
26/09/2003,2.9365
29/09/2003,2.9366
30/09/2003,2.9226
01/10/2003,2.9026
02/10/2003,2.8981
03/10/2003,2.8867
06/10/2003,2.8745
07/10/2003,2.8693
08/10/2003,2.8436
09/10/2003,2.8414
10/10/2003,2.8393
13/10/2003,2.8363
14/10/2003,2.8417
16/10/2003,2.8401
17/10/2003,2.8627
20/10/2003,2.8831
21/10/2003,2.8634
22/10/2003,2.8594
24/10/2003,2.8687
28/10/2003,2.8667
29/10/2003,2.8529
30/10/2003,2.8432
31/10/2003,2.8554
03/11/2003,2.8551
04/11/2003,2.8599
05/11/2003,2.8588
06/11/2003,2.87
07/11/2003,2.8691
10/11/2003,2.8799
11/11/2003,2.8947
12/11/2003,2.9104
13/11/2003,2.9188
17/11/2003,2.9538
18/11/2003,2.9413
19/11/2003,2.9499
20/11/2003,2.9472
21/11/2003,2.9293
24/11/2003,2.9262
25/11/2003,2.9238
26/11/2003,2.9353
27/11/2003,2.9469
28/11/2003,2.9486
01/12/2003,2.9333
02/12/2003,2.9265
03/12/2003,2.9308
04/12/2003,2.9395
08/12/2003,2.9414
09/12/2003,2.9342
10/12/2003,2.9421
11/12/2003,2.9426
12/12/2003,2.9412
15/12/2003,2.9285
16/12/2003,2.9312
17/12/2003,2.9373
18/12/2003,2.9333
22/12/2003,2.9231
23/12/2003,2.9167
24/12/2003,2.9074
26/12/2003,2.8986
29/12/2003,2.8875
30/12/2003,2.8884
31/12/2003,2.8884
02/01/2004,2.8854
05/01/2004,2.8619
06/01/2004,2.85
07/01/2004,2.8715
09/01/2004,2.8414
12/01/2004,2.8155
13/01/2004,2.8014
14/01/2004,2.8134
15/01/2004,2.8118
16/01/2004,2.8176
19/01/2004,2.8411
20/01/2004,2.8374
21/01/2004,2.8409
22/01/2004,2.8409
23/01/2004,2.8427
26/01/2004,2.8423
27/01/2004,2.8579
28/01/2004,2.8777
29/01/2004,2.9228
30/01/2004,2.9401
02/02/2004,2.9478
03/02/2004,2.9318
04/02/2004,2.9098
05/02/2004,2.9327
06/02/2004,2.9492
09/02/2004,2.9333
11/02/2004,2.9245
12/02/2004,2.9034
13/02/2004,2.9077
16/02/2004,2.9058
17/02/2004,2.9117
18/02/2004,2.9288
19/02/2004,2.9501
25/02/2004,2.9395
26/02/2004,2.9361
01/03/2004,2.8937
02/03/2004,2.9078
03/03/2004,2.8804
05/03/2004,2.8782
08/03/2004,2.8744
10/03/2004,2.8883
11/03/2004,2.9124
12/03/2004,2.9055
15/03/2004,2.9005
16/03/2004,2.8993
17/03/2004,2.9062
18/03/2004,2.9127
19/03/2004,2.8992
22/03/2004,2.9099
23/03/2004,2.9136
24/03/2004,2.9256
25/03/2004,2.9329
26/03/2004,2.9402
29/03/2004,2.9357
30/03/2004,2.9208
31/03/2004,2.9078
01/04/2004,2.8896
02/04/2004,2.8922
05/04/2004,2.8843
06/04/2004,2.8735
07/04/2004,2.8765
08/04/2004,2.8794
12/04/2004,2.8847
13/04/2004,2.8851
14/04/2004,2.8948
15/04/2004,2.9056
16/04/2004,2.9145
19/04/2004,2.9093
20/04/2004,2.9178
22/04/2004,2.9297
23/04/2004,2.9165
26/04/2004,2.9077
27/04/2004,2.9153
28/04/2004,2.9327
29/04/2004,2.9514
30/04/2004,2.9439
03/05/2004,2.9561
04/05/2004,2.9688
05/05/2004,2.9608
06/05/2004,2.9891
07/05/2004,3.0496
10/05/2004,3.1241
11/05/2004,3.1043
12/05/2004,3.1203
13/05/2004,3.1271
14/05/2004,3.0974
17/05/2004,3.1212
18/05/2004,3.1161
19/05/2004,3.1051
20/05/2004,3.1805
21/05/2004,3.2043
25/05/2004,3.1568
26/05/2004,3.1562
27/05/2004,3.1516
28/05/2004,3.0953
31/05/2004,3.1283
01/06/2004,3.1559
02/06/2004,3.1294
03/06/2004,3.1435
04/06/2004,3.1327
07/06/2004,3.1111
08/06/2004,3.1147
09/06/2004,3.1158
11/06/2004,3.1394
14/06/2004,3.1643
15/06/2004,3.1372
16/06/2004,3.1397
17/06/2004,3.1272
22/06/2004,3.1333
24/06/2004,3.1022
25/06/2004,3.1088
28/06/2004,3.1239
29/06/2004,3.1175
30/06/2004,3.1067
01/07/2004,3.0739
02/07/2004,3.0494
05/07/2004,3.0308
07/07/2004,3.0359
08/07/2004,3.0467
12/07/2004,3.0363
13/07/2004,3.0412
14/07/2004,3.0276
15/07/2004,3.0207
16/07/2004,3.0013
19/07/2004,2.9931
20/07/2004,3.0033
21/07/2004,3.0239
22/07/2004,3.0384
23/07/2004,3.0457
26/07/2004,3.0565
27/07/2004,3.0662
28/07/2004,3.0549
29/07/2004,3.0366
02/08/2004,3.0458
03/08/2004,3.0542
04/08/2004,3.0571
05/08/2004,3.0629
06/08/2004,3.0481
09/08/2004,3.0388
10/08/2004,3.0277
11/08/2004,3.0384
12/08/2004,3.0299
13/08/2004,3.0227
16/08/2004,3.0138
17/08/2004,2.9981
18/08/2004,2.9914
19/08/2004,2.9785
20/08/2004,2.9734
23/08/2004,2.9679
24/08/2004,2.9568
25/08/2004,2.9504
26/08/2004,2.9533
27/08/2004,2.9563
02/09/2004,2.9353
03/09/2004,2.9281
06/09/2004,2.9134
08/09/2004,2.9006
13/09/2004,2.9052
14/09/2004,2.9117
15/09/2004,2.9034
16/09/2004,2.8884
17/09/2004,2.8736
20/09/2004,2.8668
21/09/2004,2.8729
22/09/2004,2.8669
23/09/2004,2.8717
24/09/2004,2.8727
28/09/2004,2.8684
29/09/2004,2.8594
30/09/2004,2.8578
01/10/2004,2.8505
04/10/2004,2.8257
05/10/2004,2.8233
06/10/2004,2.8354
08/10/2004,2.8243
13/10/2004,2.8366
14/10/2004,2.8623
15/10/2004,2.8615
18/10/2004,2.8539
19/10/2004,2.8698
20/10/2004,2.8839
21/10/2004,2.8527
22/10/2004,2.8481
25/10/2004,2.8809
26/10/2004,2.8721
27/10/2004,2.8577
28/10/2004,2.8647
29/10/2004,2.8557
01/11/2004,2.8582
03/11/2004,2.8296
04/11/2004,2.8203
05/11/2004,2.8178
08/11/2004,2.8291
09/11/2004,2.8279
10/11/2004,2.8201
11/11/2004,2.8192
12/11/2004,2.7983
16/11/2004,2.7848
17/11/2004,2.7666
18/11/2004,2.7595
19/11/2004,2.7629
22/11/2004,2.7672
23/11/2004,2.7438
24/11/2004,2.7477
25/11/2004,2.7503
26/11/2004,2.7324
29/11/2004,2.7394
30/11/2004,2.7299
01/12/2004,2.7137
02/12/2004,2.7231
03/12/2004,2.7087
06/12/2004,2.7178
07/12/2004,2.7314
08/12/2004,2.7656
09/12/2004,2.7736
10/12/2004,2.7859
13/12/2004,2.7689
14/12/2004,2.7572
15/12/2004,2.75
16/12/2004,2.7285
17/12/2004,2.7239
20/12/2004,2.6919
21/12/2004,2.6884
22/12/2004,2.6982
23/12/2004,2.7059
24/12/2004,2.6904
27/12/2004,2.6975
28/12/2004,2.6887
29/12/2004,2.6828
30/12/2004,2.6536
31/12/2004,2.6536
03/01/2005,2.6674
04/01/2005,2.6879
05/01/2005,2.7088
06/01/2005,2.7199
07/01/2005,2.7024
10/01/2005,2.6965
11/01/2005,2.7098
12/01/2005,2.7105
13/01/2005,2.7003
14/01/2005,2.7066
17/01/2005,2.6999
18/01/2005,2.7131
19/01/2005,2.7177
20/01/2005,2.7214
21/01/2005,2.6786
24/01/2005,2.6772
25/01/2005,2.6786
27/01/2005,2.6637
28/01/2005,2.6579
01/02/2005,2.6122
02/02/2005,2.6232
03/02/2005,2.6026
04/02/2005,2.6022
10/02/2005,2.6114
11/02/2005,2.6165
14/02/2005,2.5826
15/02/2005,2.5754
16/02/2005,2.5918
17/02/2005,2.5729
18/02/2005,2.5613
21/02/2005,2.5754
22/02/2005,2.5929
23/02/2005,2.5849
25/02/2005,2.6312
28/02/2005,2.5942
01/03/2005,2.6003
04/03/2005,2.6607
07/03/2005,2.6616
08/03/2005,2.6926
09/03/2005,2.7105
10/03/2005,2.7311
11/03/2005,2.7013
14/03/2005,2.7515
15/03/2005,2.7613
16/03/2005,2.7562
17/03/2005,2.7514
18/03/2005,2.7155
22/03/2005,2.7052
23/03/2005,2.7395
24/03/2005,2.7295
28/03/2005,2.7377
29/03/2005,2.7032
30/03/2005,2.68
31/03/2005,2.6654
01/04/2005,2.6542
05/04/2005,2.6247
06/04/2005,2.6059
07/04/2005,2.6011
08/04/2005,2.5934
11/04/2005,2.5775
12/04/2005,2.5891
14/04/2005,2.5739
15/04/2005,2.5963
18/04/2005,2.6149
19/04/2005,2.5817
20/04/2005,2.5637
22/04/2005,2.5384
25/04/2005,2.53
26/04/2005,2.5347
27/04/2005,2.5187
28/04/2005,2.5209
29/04/2005,2.5305
02/05/2005,2.5138
03/05/2005,2.4999
04/05/2005,2.4757
05/05/2005,2.4679
06/05/2005,2.4586
10/05/2005,2.4642
11/05/2005,2.4711
13/05/2005,2.4707
16/05/2005,2.4764
17/05/2005,2.4771
18/05/2005,2.4628
20/05/2005,2.4485
23/05/2005,2.4291
24/05/2005,2.4305
25/05/2005,2.4305
27/05/2005,2.3926
30/05/2005,2.3776
01/06/2005,2.4278
02/06/2005,2.4194
03/06/2005,2.4021
06/06/2005,2.4568
07/06/2005,2.4624
08/06/2005,2.4456
09/06/2005,2.4883
10/06/2005,2.4743
13/06/2005,2.4555
14/06/2005,2.4367
15/06/2005,2.4447
16/06/2005,2.4153
17/06/2005,2.3865
20/06/2005,2.3847
21/06/2005,2.3764
22/06/2005,2.3695
23/06/2005,2.3924
24/06/2005,2.3869
27/06/2005,2.3822
28/06/2005,2.3686
29/06/2005,2.3541
30/06/2005,2.3496
01/07/2005,2.3451
04/07/2005,2.3707
06/07/2005,2.3893
07/07/2005,2.3882
08/07/2005,2.3675
11/07/2005,2.3494
12/07/2005,2.3345
13/07/2005,2.3474
14/07/2005,2.3425
15/07/2005,2.3419
18/07/2005,2.3296
19/07/2005,2.3426
20/07/2005,2.3514
21/07/2005,2.3397
22/07/2005,2.3753
25/07/2005,2.4279
26/07/2005,2.4648
27/07/2005,2.4431
28/07/2005,2.4203
29/07/2005,2.3897
01/08/2005,2.3777
02/08/2005,2.3522
03/08/2005,2.3143
04/08/2005,2.3046
05/08/2005,2.2978
08/08/2005,2.3092
09/08/2005,2.3143
10/08/2005,2.2759
11/08/2005,2.3161
15/08/2005,2.3414
16/08/2005,2.3434
17/08/2005,2.3484
18/08/2005,2.3629
19/08/2005,2.4308
23/08/2005,2.4089
24/08/2005,2.4227
25/08/2005,2.4195
26/08/2005,2.4121
29/08/2005,2.39787
30/08/2005,2.3853
31/08/2005,2.3629
01/09/2005,2.3615
02/09/2005,2.3421
05/09/2005,2.3287
06/09/2005,2.3254
09/09/2005,2.3167
12/09/2005,2.3189
13/09/2005,2.3261
14/09/2005,2.3292
15/09/2005,2.3004
16/09/2005,2.2929
19/09/2005,2.2897
21/09/2005,2.2819
22/09/2005,2.2744
23/09/2005,2.2674
26/09/2005,2.2575
27/09/2005,2.2525
28/09/2005,2.2425
29/09/2005,2.2236
30/09/2005,2.2214
03/10/2005,2.2331
04/10/2005,2.2416
05/10/2005,2.2677
06/10/2005,2.2878
07/10/2005,2.2622
10/10/2005,2.2376
11/10/2005,2.2343
13/10/2005,2.2619
14/10/2005,2.2503
17/10/2005,2.2344
18/10/2005,2.2397
19/10/2005,2.2527
20/10/2005,2.2435
21/10/2005,2.2538
24/10/2005,2.2615
26/10/2005,2.2738
27/10/2005,2.2843
28/10/2005,2.2783
31/10/2005,2.2535
01/11/2005,2.2508
03/11/2005,2.2328
04/11/2005,2.2223
07/11/2005,2.2005
08/11/2005,2.2024
09/11/2005,2.1709
10/11/2005,2.1749
11/11/2005,2.1625
14/11/2005,2.1982
16/11/2005,2.1966
17/11/2005,2.1858
18/11/2005,2.2179
21/11/2005,2.2173
22/11/2005,2.2503
23/11/2005,2.2372
24/11/2005,2.2362
25/11/2005,2.2321
28/11/2005,2.2086
29/11/2005,2.1972
30/11/2005,2.2062
01/12/2005,2.2169
02/12/2005,2.2053
06/12/2005,2.1799
07/12/2005,2.1792
08/12/2005,2.2119
09/12/2005,2.2438
12/12/2005,2.2626
13/12/2005,2.2557
14/12/2005,2.2771
15/12/2005,2.2949
16/12/2005,2.3348
19/12/2005,2.3727
20/12/2005,2.3489
22/12/2005,2.3246
23/12/2005,2.3319
26/12/2005,2.3317
27/12/2005,2.3518
28/12/2005,2.3475
29/12/2005,2.3399
30/12/2005,2.3399
02/01/2006,2.3362
03/01/2006,2.3452
04/01/2006,2.3058
05/01/2006,2.2817
06/01/2006,2.2862
09/01/2006,2.2624
11/01/2006,2.2671
12/01/2006,2.2721
13/01/2006,2.2739
16/01/2006,2.2754
17/01/2006,2.2916
18/01/2006,2.3268
19/01/2006,2.3217
20/01/2006,2.2748
23/01/2006,2.2601
24/01/2006,2.2432
25/01/2006,2.2425
26/01/2006,2.2374
27/01/2006,2.2144
30/01/2006,2.2108
31/01/2006,2.2152
01/02/2006,2.2209
02/02/2006,2.2202
03/02/2006,2.2194
06/02/2006,2.1869
07/02/2006,2.1858
08/02/2006,2.1948
10/02/2006,2.1567
13/02/2006,2.1613
14/02/2006,2.1427
15/02/2006,2.1367
16/02/2006,2.1169
17/02/2006,2.1178
20/02/2006,2.1174
21/02/2006,2.1289
22/02/2006,2.1476
23/02/2006,2.1345
24/02/2006,2.1347
01/03/2006,2.1173
02/03/2006,2.1126
03/03/2006,2.1147
06/03/2006,2.1253
07/03/2006,2.1674
09/03/2006,2.1607
10/03/2006,2.1439
13/03/2006,2.1341
14/03/2006,2.1261
15/03/2006,2.1207
16/03/2006,2.1059
20/03/2006,2.1378
21/03/2006,2.1583
22/03/2006,2.1545
23/03/2006,2.1498
27/03/2006,2.1796
30/03/2006,2.1944
31/03/2006,2.1716
03/04/2006,2.1534
04/04/2006,2.1285
05/04/2006,2.1336
06/04/2006,2.1291
07/04/2006,2.1401
10/04/2006,2.1514
11/04/2006,2.1412
12/04/2006,2.1328
13/04/2006,2.1428
17/04/2006,2.1335
18/04/2006,2.1284
19/04/2006,2.1135
20/04/2006,2.1228
24/04/2006,2.1174
25/04/2006,2.1225
26/04/2006,2.1216
27/04/2006,2.1128
28/04/2006,2.0884
03/05/2006,2.0698
04/05/2006,2.0659
05/05/2006,2.0579
08/05/2006,2.0643
09/05/2006,2.0634
10/05/2006,2.0578
11/05/2006,2.0873
12/05/2006,2.1299
15/05/2006,2.1766
16/05/2006,2.1395
17/05/2006,2.1818
18/05/2006,2.1825
19/05/2006,2.1922
22/05/2006,2.2875
23/05/2006,2.2593
24/05/2006,2.3703
25/05/2006,2.3142
26/05/2006,2.2512
29/05/2006,2.2558
30/05/2006,2.3227
31/05/2006,2.2997
01/06/2006,2.2705
02/06/2006,2.2587
05/06/2006,2.2549
06/06/2006,2.2678
07/06/2006,2.2492
08/06/2006,2.2693
09/06/2006,2.2607
12/06/2006,2.2699
14/06/2006,2.2837
16/06/2006,2.2513
19/06/2006,2.2396
20/06/2006,2.2498
22/06/2006,2.2383
23/06/2006,2.2454
26/06/2006,2.2251
27/06/2006,2.2307
28/06/2006,2.2254
29/06/2006,2.2055
30/06/2006,2.1635
03/07/2006,2.1693
04/07/2006,2.1638
05/07/2006,2.1947
06/07/2006,2.1832
07/07/2006,2.1757
10/07/2006,2.1742
11/07/2006,2.1851
12/07/2006,2.1907
13/07/2006,2.2098
14/07/2006,2.2122
17/07/2006,2.2118
18/07/2006,2.1954
19/07/2006,2.1802
20/07/2006,2.1887
21/07/2006,2.1927
24/07/2006,2.1908
25/07/2006,2.1985
26/07/2006,2.1976
27/07/2006,2.1891
28/07/2006,2.1792
31/07/2006,2.1754
01/08/2006,2.1897
02/08/2006,2.1813
03/08/2006,2.1827
04/08/2006,2.1712
07/08/2006,2.1785
08/08/2006,2.1831
09/08/2006,2.1679
11/08/2006,2.1608
14/08/2006,2.1597
15/08/2006,2.1472
16/08/2006,2.1321
17/08/2006,2.1357
18/08/2006,2.1448
21/08/2006,2.1353
22/08/2006,2.1347
23/08/2006,2.1346
24/08/2006,2.1515
25/08/2006,2.1563
28/08/2006,2.1465
29/08/2006,2.1411
30/08/2006,2.1322
04/09/2006,2.1274
06/09/2006,2.1435
08/09/2006,2.1574
11/09/2006,2.1743
12/09/2006,2.1724
13/09/2006,2.1692
14/09/2006,2.1585
15/09/2006,2.1532
18/09/2006,2.1445
20/09/2006,2.1682
21/09/2006,2.1961
22/09/2006,2.2169
26/09/2006,2.1972
27/09/2006,2.1852
28/09/2006,2.1785
29/09/2006,2.1734
02/10/2006,2.1615
03/10/2006,2.1647
04/10/2006,2.1668
05/10/2006,2.1621
06/10/2006,2.1621
10/10/2006,2.1489
11/10/2006,2.1538
13/10/2006,2.1411
16/10/2006,2.1323
17/10/2006,2.1353
18/10/2006,2.1331
19/10/2006,2.1379
20/10/2006,2.1449
23/10/2006,2.1383
24/10/2006,2.1459
25/10/2006,2.1502
26/10/2006,2.1355
30/10/2006,2.1448
31/10/2006,2.1422
01/11/2006,2.1402
03/11/2006,2.1412
07/11/2006,2.1345
08/11/2006,2.1456
09/11/2006,2.1404
10/11/2006,2.1481
13/11/2006,2.1612
14/11/2006,2.1529
16/11/2006,2.1509
17/11/2006,2.1585
20/11/2006,2.1614
22/11/2006,2.1615
23/11/2006,2.1675
24/11/2006,2.1692
27/11/2006,2.1792
28/11/2006,2.1862
29/11/2006,2.1775
01/12/2006,2.1664
04/12/2006,2.1685
05/12/2006,2.1552
08/12/2006,2.1434
11/12/2006,2.1376
12/12/2006,2.1473
13/12/2006,2.1451
14/12/2006,2.1452
15/12/2006,2.1462
18/12/2006,2.1462
19/12/2006,2.1564
20/12/2006,2.1552
26/12/2006,2.1429
27/12/2006,2.1489
28/12/2006,2.1372
29/12/2006,2.1372
02/01/2007,2.1334
03/01/2007,2.1364
04/01/2007,2.1421
05/01/2007,2.1466
08/01/2007,2.1497
09/01/2007,2.1498
10/01/2007,2.1548
11/01/2007,2.1457
12/01/2007,2.1413
15/01/2007,2.1399
16/01/2007,2.1436
17/01/2007,2.1342
18/01/2007,2.1321
19/01/2007,2.1399
22/01/2007,2.1319
24/01/2007,2.1278
25/01/2007,2.1273
26/01/2007,2.1352
29/01/2007,2.1352
30/01/2007,2.1321
31/01/2007,2.1239
01/02/2007,2.1085
02/02/2007,2.0974
05/02/2007,2.0956
06/02/2007,2.0825
07/02/2007,2.0844
08/02/2007,2.0943
09/02/2007,2.1025
12/02/2007,2.1132
14/02/2007,2.0992
15/02/2007,2.0888
16/02/2007,2.0905
21/02/2007,2.0794
22/02/2007,2.0758
26/02/2007,2.0855
27/02/2007,2.1091
28/02/2007,2.1174
01/03/2007,2.1252
02/03/2007,2.1266
06/03/2007,2.1201
07/03/2007,2.1113
08/03/2007,2.1046
09/03/2007,2.0975
12/03/2007,2.0894
13/03/2007,2.0954
14/03/2007,2.1036
15/03/2007,2.0901
16/03/2007,2.0907
19/03/2007,2.0784
20/03/2007,2.0755
21/03/2007,2.0668
22/03/2007,2.0594
23/03/2007,2.0644
26/03/2007,2.0593
27/03/2007,2.0629
28/03/2007,2.0708
29/03/2007,2.0537
30/03/2007,2.0496
03/04/2007,2.0364
04/04/2007,2.0313
05/04/2007,2.0325
09/04/2007,2.0228
10/04/2007,2.0274
11/04/2007,2.0325
12/04/2007,2.0363
13/04/2007,2.0223
16/04/2007,2.0332
18/04/2007,2.0357
19/04/2007,2.0304
20/04/2007,2.0254
23/04/2007,2.0282
24/04/2007,2.0377
25/04/2007,2.0228
26/04/2007,2.0244
27/04/2007,2.0313
30/04/2007,2.0331
03/05/2007,2.0231
04/05/2007,2.0301
07/05/2007,2.0258
08/05/2007,2.0218
09/05/2007,2.0214
10/05/2007,2.0209
11/05/2007,2.0186
15/05/2007,1.9914
16/05/2007,1.9578
17/05/2007,1.9565
18/05/2007,1.9622
21/05/2007,1.9427
22/05/2007,1.9401
23/05/2007,1.9481
24/05/2007,1.9645
25/05/2007,1.9512
28/05/2007,1.9433
29/05/2007,1.9453
31/05/2007,1.9281
01/06/2007,1.9048
04/06/2007,1.9207
05/06/2007,1.9387
06/06/2007,1.9609
11/06/2007,1.9465
12/06/2007,1.9412
13/06/2007,1.9434
14/06/2007,1.9295
15/06/2007,1.9089
18/06/2007,1.9
19/06/2007,1.91
21/06/2007,1.9189
22/06/2007,1.9326
25/06/2007,1.9371
27/06/2007,1.9491
28/06/2007,1.9248
29/06/2007,1.9254
02/07/2007,1.9168
03/07/2007,1.9114
04/07/2007,1.9091
05/07/2007,1.9149
06/07/2007,1.9025
09/07/2007,1.8984
10/07/2007,1.8939
11/07/2007,1.8892
12/07/2007,1.8759
13/07/2007,1.8676
16/07/2007,1.8639
17/07/2007,1.8613
18/07/2007,1.8601
19/07/2007,1.8528
20/07/2007,1.8598
24/07/2007,1.8517
25/07/2007,1.8635
26/07/2007,1.9046
27/07/2007,1.9061
30/07/2007,1.8801
31/07/2007,1.8768
01/08/2007,1.8848
02/08/2007,1.8721
03/08/2007,1.8806
06/08/2007,1.9098
07/08/2007,1.9069
08/08/2007,1.8858
09/08/2007,1.9183
10/08/2007,1.9542
13/08/2007,1.9403
14/08/2007,1.9801
15/08/2007,2.0035
16/08/2007,2.1116
17/08/2007,2.0368
20/08/2007,2.0272
21/08/2007,2.0377
22/08/2007,2.0165
23/08/2007,1.9931
24/08/2007,1.9847
27/08/2007,1.9481
28/08/2007,1.9841
29/08/2007,1.9856
30/08/2007,1.9769
31/08/2007,1.9612
03/09/2007,1.9539
05/09/2007,1.9632
06/09/2007,1.9537
10/09/2007,1.9583
11/09/2007,1.9296
12/09/2007,1.9117
13/09/2007,1.8983
14/09/2007,1.9023
17/09/2007,1.9115
18/09/2007,1.8952
19/09/2007,1.8631
20/09/2007,1.8629
24/09/2007,1.8686
25/09/2007,1.8648
26/09/2007,1.8485
27/09/2007,1.8401
28/09/2007,1.8381
01/10/2007,1.8217
02/10/2007,1.8227
03/10/2007,1.8266
04/10/2007,1.8276
05/10/2007,1.8084
08/10/2007,1.8125
09/10/2007,1.81
11/10/2007,1.7912
16/10/2007,1.8234
18/10/2007,1.8063
19/10/2007,1.7956
22/10/2007,1.8198
23/10/2007,1.7999
24/10/2007,1.7961
25/10/2007,1.7888
26/10/2007,1.7744
29/10/2007,1.7587
30/10/2007,1.7544
31/10/2007,1.7432
01/11/2007,1.7452
05/11/2007,1.7548
06/11/2007,1.7317
07/11/2007,1.7392
08/11/2007,1.7346
09/11/2007,1.7482
12/11/2007,1.7732
13/11/2007,1.7674
16/11/2007,1.7406
19/11/2007,1.7585
20/11/2007,1.7639
21/11/2007,1.7858
22/11/2007,1.7739
23/11/2007,1.7954
26/11/2007,1.8102
27/11/2007,1.8493
29/11/2007,1.7897
30/11/2007,1.7829
04/12/2007,1.8225
05/12/2007,1.7948
06/12/2007,1.7865
07/12/2007,1.7608
10/12/2007,1.7612
11/12/2007,1.7642
12/12/2007,1.7616
13/12/2007,1.7738
14/12/2007,1.7951
17/12/2007,1.8115
18/12/2007,1.8083
19/12/2007,1.8011
20/12/2007,1.8024
21/12/2007,1.7958
24/12/2007,1.7901
26/12/2007,1.7787
27/12/2007,1.7663
28/12/2007,1.7705
31/12/2007,1.7705
02/01/2008,1.7714
03/01/2008,1.7561
04/01/2008,1.7566
07/01/2008,1.7667
08/01/2008,1.7546
09/01/2008,1.7683
11/01/2008,1.7528
14/01/2008,1.7406
15/01/2008,1.7442
16/01/2008,1.7622
17/01/2008,1.7679
18/01/2008,1.7842
21/01/2008,1.8293
22/01/2008,1.8033
23/01/2008,1.8139
24/01/2008,1.7875
25/01/2008,1.7904
28/01/2008,1.7898
29/01/2008,1.7754
30/01/2008,1.7794
31/01/2008,1.7595
01/02/2008,1.7443
06/02/2008,1.7523
07/02/2008,1.7619
08/02/2008,1.7673
11/02/2008,1.7593
13/02/2008,1.7451
14/02/2008,1.7461
15/02/2008,1.7533
18/02/2008,1.7386
19/02/2008,1.7321
20/02/2008,1.7343
21/02/2008,1.7096
22/02/2008,1.7032
25/02/2008,1.7054
26/02/2008,1.6874
27/02/2008,1.6707
28/02/2008,1.6715
29/02/2008,1.6825
03/03/2008,1.6808
04/03/2008,1.6722
05/03/2008,1.6692
06/03/2008,1.6712
07/03/2008,1.6833
10/03/2008,1.6988
11/03/2008,1.6939
12/03/2008,1.6788
13/03/2008,1.6963
14/03/2008,1.6939
18/03/2008,1.6999
19/03/2008,1.7037
20/03/2008,1.7416
24/03/2008,1.7399
25/03/2008,1.7333
27/03/2008,1.7337
28/03/2008,1.7448
31/03/2008,1.7483
01/04/2008,1.7526
02/04/2008,1.7265
03/04/2008,1.7244
04/04/2008,1.7109
07/04/2008,1.6982
10/04/2008,1.6814
11/04/2008,1.6868
14/04/2008,1.6859
15/04/2008,1.6814
16/04/2008,1.6691
18/04/2008,1.6685
22/04/2008,1.6567
23/04/2008,1.6574
24/04/2008,1.6679
28/04/2008,1.6756
30/04/2008,1.6864
02/05/2008,1.6498
06/05/2008,1.6607
07/05/2008,1.6733
08/05/2008,1.6928
09/05/2008,1.6941
12/05/2008,1.6735
13/05/2008,1.6575
14/05/2008,1.6633
15/05/2008,1.6593
16/05/2008,1.6426
19/05/2008,1.6452
20/05/2008,1.6562
21/05/2008,1.6484
23/05/2008,1.6539
26/05/2008,1.6602
27/05/2008,1.6673
28/05/2008,1.6622
29/05/2008,1.6488
30/05/2008,1.6286
04/06/2008,1.6299
05/06/2008,1.6254
06/06/2008,1.6274
09/06/2008,1.6257
10/06/2008,1.6384
12/06/2008,1.6392
16/06/2008,1.6269
17/06/2008,1.6119
18/06/2008,1.6105
19/06/2008,1.6043
20/06/2008,1.6034
23/06/2008,1.6109
24/06/2008,1.6038
25/06/2008,1.5993
26/06/2008,1.5943
27/06/2008,1.6069
30/06/2008,1.5911
01/07/2008,1.6053
02/07/2008,1.5985
03/07/2008,1.6081
04/07/2008,1.6092
07/07/2008,1.6033
08/07/2008,1.6019
09/07/2008,1.6084
10/07/2008,1.6139
11/07/2008,1.6024
14/07/2008,1.5934
15/07/2008,1.5902
16/07/2008,1.5952
17/07/2008,1.5905
22/07/2008,1.5803
23/07/2008,1.5826
24/07/2008,1.5773
25/07/2008,1.5737
28/07/2008,1.5746
29/07/2008,1.5722
30/07/2008,1.5633
31/07/2008,1.5658
01/08/2008,1.5585
04/08/2008,1.5651
05/08/2008,1.5724
06/08/2008,1.5774
07/08/2008,1.5835
08/08/2008,1.6128
12/08/2008,1.6153
13/08/2008,1.6203
14/08/2008,1.6196
15/08/2008,1.6381
18/08/2008,1.6341
19/08/2008,1.6335
20/08/2008,1.6199
21/08/2008,1.6135
22/08/2008,1.6209
25/08/2008,1.6267
26/08/2008,1.6367
27/08/2008,1.6205
28/08/2008,1.6254
29/08/2008,1.6336
01/09/2008,1.6439
02/09/2008,1.6594
04/09/2008,1.7002
05/09/2008,1.7297
08/09/2008,1.7274
09/09/2008,1.7536
11/09/2008,1.8247
12/09/2008,1.7904
15/09/2008,1.8117
16/09/2008,1.8402
17/09/2008,1.8652
18/09/2008,1.9151
22/09/2008,1.7981
23/09/2008,1.8234
24/09/2008,1.8437
25/09/2008,1.8269
26/09/2008,1.8547
29/09/2008,1.9551
30/09/2008,1.9135
01/10/2008,1.9205
02/10/2008,2.0073
03/10/2008,2.0532
06/10/2008,2.1761
07/10/2008,2.1875
08/10/2008,2.3916
10/10/2008,2.2872
13/10/2008,2.1554
14/10/2008,2.0781
15/10/2008,2.1543
16/10/2008,2.1846
17/10/2008,2.1012
20/10/2008,2.1166
21/10/2008,2.1933
22/10/2008,2.3642
23/10/2008,2.3139
24/10/2008,2.3104
27/10/2008,2.2516
28/10/2008,2.1692
29/10/2008,2.1312
30/10/2008,2.1143
31/10/2008,2.1145
04/11/2008,2.1219
05/11/2008,2.1202
06/11/2008,2.1585
07/11/2008,2.1605
10/11/2008,2.1327
11/11/2008,2.2002
12/11/2008,2.2624
13/11/2008,2.3306
14/11/2008,2.2792
17/11/2008,2.2932
18/11/2008,2.2988
19/11/2008,2.3758
20/11/2008,2.3954
21/11/2008,2.4269
24/11/2008,2.3492
25/11/2008,2.3048
26/11/2008,2.3213
27/11/2008,2.2649
28/11/2008,2.3323
01/12/2008,2.3557
02/12/2008,2.3449
03/12/2008,2.4205
04/12/2008,2.4897
05/12/2008,2.4996
08/12/2008,2.4681
09/12/2008,2.4821
10/12/2008,2.4675
11/12/2008,2.3389
12/12/2008,2.3912
15/12/2008,2.3682
16/12/2008,2.3775
17/12/2008,2.3568
18/12/2008,2.3564
19/12/2008,2.3851
22/12/2008,2.3732
23/12/2008,2.3743
26/12/2008,2.3605
29/12/2008,2.3948
30/12/2008,2.3362
05/01/2009,2.2772
06/01/2009,2.1881
07/01/2009,2.2166
08/01/2009,2.2675
09/01/2009,2.2859
12/01/2009,2.2961
13/01/2009,2.3075
14/01/2009,2.3333
15/01/2009,2.3795
19/01/2009,2.3298
21/01/2009,2.3536
22/01/2009,2.3291
26/01/2009,2.3141
27/01/2009,2.3101
28/01/2009,2.2974
29/01/2009,2.2753
30/01/2009,2.3154
02/02/2009,2.3467
03/02/2009,2.3136
04/02/2009,2.2986
05/02/2009,2.3057
09/02/2009,2.2438
11/02/2009,2.2862
12/02/2009,2.2901
13/02/2009,2.2672
16/02/2009,2.2711
17/02/2009,2.3123
18/02/2009,2.3388
19/02/2009,2.3241
20/02/2009,2.3908
25/02/2009,2.3806
26/02/2009,2.3495
27/02/2009,2.3776
02/03/2009,2.4113
04/03/2009,2.3909
05/03/2009,2.3814
09/03/2009,2.3773
10/03/2009,2.3507
11/03/2009,2.3358
13/03/2009,2.3004
16/03/2009,2.2697
17/03/2009,2.2825
18/03/2009,2.2798
19/03/2009,2.2371
20/03/2009,2.2559
23/03/2009,2.2497
24/03/2009,2.2559
25/03/2009,2.2427
26/03/2009,2.2367
27/03/2009,2.2737
30/03/2009,2.3289
31/03/2009,2.3144
01/04/2009,2.2891
02/04/2009,2.2347
03/04/2009,2.2064
06/04/2009,2.2244
07/04/2009,2.2241
08/04/2009,2.2006
09/04/2009,2.1758
13/04/2009,2.1691
14/04/2009,2.1868
15/04/2009,2.1984
16/04/2009,2.1783
17/04/2009,2.1856
20/04/2009,2.2342
23/04/2009,2.2099
24/04/2009,2.1925
27/04/2009,2.2157
28/04/2009,2.2029
30/04/2009,2.1775
04/05/2009,2.1361
05/05/2009,2.1468
06/05/2009,2.2105
07/05/2009,2.0976
08/05/2009,2.0742
11/05/2009,2.0571
12/05/2009,2.0641
13/05/2009,2.0984
14/05/2009,2.0921
15/05/2009,2.0754
18/05/2009,2.0776
20/05/2009,2.0191
21/05/2009,2.0256
22/05/2009,2.0271
25/05/2009,2.0226
26/05/2009,2.0253
27/05/2009,2.0087
28/05/2009,2.0136
29/05/2009,1.9722
01/06/2009,1.9432
02/06/2009,1.9362
03/06/2009,1.9592
04/06/2009,1.9489
05/06/2009,1.9526
08/06/2009,1.9696
09/06/2009,1.9377
10/06/2009,1.9466
12/06/2009,1.9293
16/06/2009,1.9453
17/06/2009,1.9776
18/06/2009,1.9701
19/06/2009,1.9584
22/06/2009,2.0066
23/06/2009,2.0011
24/06/2009,1.9716
25/06/2009,1.9554
26/06/2009,1.9388
29/06/2009,1.9479
30/06/2009,1.9508
01/07/2009,1.9334
02/07/2009,1.9461
03/07/2009,1.9466
06/07/2009,1.9703
07/07/2009,1.9633
08/07/2009,1.9974
09/07/2009,1.9913
10/07/2009,2.0139
13/07/2009,1.9887
14/07/2009,1.9696
15/07/2009,1.9412
16/07/2009,1.9332
17/07/2009,1.9282
21/07/2009,1.9035
22/07/2009,1.9021
23/07/2009,1.8914
24/07/2009,1.8952
27/07/2009,1.8829
28/07/2009,1.8811
29/07/2009,1.8974
30/07/2009,1.8803
31/07/2009,1.8718
03/08/2009,1.8361
04/08/2009,1.8264
05/08/2009,1.8173
07/08/2009,1.8224
10/08/2009,1.8404
11/08/2009,1.8449
12/08/2009,1.8378
13/08/2009,1.8317
14/08/2009,1.8377
17/08/2009,1.8674
18/08/2009,1.8566
19/08/2009,1.8425
20/08/2009,1.8426
21/08/2009,1.8289
24/08/2009,1.8331
25/08/2009,1.8411
26/08/2009,1.8662
27/08/2009,1.8661
28/08/2009,1.8732
31/08/2009,1.8856
01/09/2009,1.8821
03/09/2009,1.8694
04/09/2009,1.8493
08/09/2009,1.8246
09/09/2009,1.8272
10/09/2009,1.8253
11/09/2009,1.8171
14/09/2009,1.8189
15/09/2009,1.8079
16/09/2009,1.7976
17/09/2009,1.8086
18/09/2009,1.8041
21/09/2009,1.8164
22/09/2009,1.8053
23/09/2009,1.7908
24/09/2009,1.7909
25/09/2009,1.8009
28/09/2009,1.7902
30/09/2009,1.7773
01/10/2009,1.7786
02/10/2009,1.7836
05/10/2009,1.7665
06/10/2009,1.7525
07/10/2009,1.7587
08/10/2009,1.7404
09/10/2009,1.7381
14/10/2009,1.7091
15/10/2009,1.7029
16/10/2009,1.7127
19/10/2009,1.7122
20/10/2009,1.7442
21/10/2009,1.7432
22/10/2009,1.7296
23/10/2009,1.7105
26/10/2009,1.7149
27/10/2009,1.7334
28/10/2009,1.7439
29/10/2009,1.7428
30/10/2009,1.7432
04/11/2009,1.7263
05/11/2009,1.7232
06/11/2009,1.7171
09/11/2009,1.7016
10/11/2009,1.7088
11/11/2009,1.7104
12/11/2009,1.7242
13/11/2009,1.7282
16/11/2009,1.7119
17/11/2009,1.7145
18/11/2009,1.7095
19/11/2009,1.7348
23/11/2009,1.7237
24/11/2009,1.7274
25/11/2009,1.7264
26/11/2009,1.7401
27/11/2009,1.7435
30/11/2009,1.7497
01/12/2009,1.7285
02/12/2009,1.7193
03/12/2009,1.7088
04/12/2009,1.7123
07/12/2009,1.7294
08/12/2009,1.7474
09/12/2009,1.7603
10/12/2009,1.7619
11/12/2009,1.7513
14/12/2009,1.7475
15/12/2009,1.7449
17/12/2009,1.7815
18/12/2009,1.7871
21/12/2009,1.7779
22/12/2009,1.7817
23/12/2009,1.7755
24/12/2009,1.7519
29/12/2009,1.7413
30/12/2009,1.7404
04/01/2010,1.7232
05/01/2010,1.7219
06/01/2010,1.7329
07/01/2010,1.7405
08/01/2010,1.7382
11/01/2010,1.7315
12/01/2010,1.7431
13/01/2010,1.7434
15/01/2010,1.7703
18/01/2010,1.7713
19/01/2010,1.7739
20/01/2010,1.7846
21/01/2010,1.7895
22/01/2010,1.8179
25/01/2010,1.8186
26/01/2010,1.8359
27/01/2010,1.8505
28/01/2010,1.8552
01/02/2010,1.8765
02/02/2010,1.8355
03/02/2010,1.8329
04/02/2010,1.8707
05/02/2010,1.8745
08/02/2010,1.8722
09/02/2010,1.8542
10/02/2010,1.8475
11/02/2010,1.8508
12/02/2010,1.8662
17/02/2010,1.8305
18/02/2010,1.8258
19/02/2010,1.8108
22/02/2010,1.8038
23/02/2010,1.8178
24/02/2010,1.8195
25/02/2010,1.8356
26/02/2010,1.8102
01/03/2010,1.7992
02/03/2010,1.7843
03/03/2010,1.7838
05/03/2010,1.7816
08/03/2010,1.7818
09/03/2010,1.7891
10/03/2010,1.7708
11/03/2010,1.7685
12/03/2010,1.7629
15/03/2010,1.7636
16/03/2010,1.7658
17/03/2010,1.7632
19/03/2010,1.7946
22/03/2010,1.8022
23/03/2010,1.7805
24/03/2010,1.7896
25/03/2010,1.8
26/03/2010,1.8223
29/03/2010,1.8056
30/03/2010,1.7944
31/03/2010,1.7802
01/04/2010,1.7693
05/04/2010,1.7565
06/04/2010,1.7597
07/04/2010,1.7654
08/04/2010,1.7798
09/04/2010,1.7722
12/04/2010,1.76
13/04/2010,1.7576
14/04/2010,1.7438
15/04/2010,1.7475
20/04/2010,1.7489
22/04/2010,1.7618
23/04/2010,1.7616
26/04/2010,1.7438
27/04/2010,1.7584
29/04/2010,1.7313
30/04/2010,1.7298
03/05/2010,1.7307
04/05/2010,1.7549
05/05/2010,1.7854
06/05/2010,1.8345
07/05/2010,1.8335
10/05/2010,1.7825
11/05/2010,1.7835
12/05/2010,1.7715
13/05/2010,1.7729
14/05/2010,1.7959
17/05/2010,1.8037
18/05/2010,1.7913
19/05/2010,1.8358
20/05/2010,1.8669
21/05/2010,1.8702
24/05/2010,1.8514
25/05/2010,1.8803
26/05/2010,1.8453
28/05/2010,1.8221
31/05/2010,1.8159
01/06/2010,1.8247
02/06/2010,1.8354
04/06/2010,1.8393
07/06/2010,1.8626
09/06/2010,1.8415
10/06/2010,1.8177
11/06/2010,1.8117
14/06/2010,1.8022
15/06/2010,1.7963
16/06/2010,1.7885
17/06/2010,1.7809
18/06/2010,1.7753
21/06/2010,1.7655
22/06/2010,1.7672
23/06/2010,1.79
24/06/2010,1.7899
25/06/2010,1.7773
28/06/2010,1.7818
29/06/2010,1.8068
30/06/2010,1.8007
01/07/2010,1.7998
02/07/2010,1.7777
05/07/2010,1.7747
06/07/2010,1.7657
07/07/2010,1.7711
08/07/2010,1.7644
09/07/2010,1.7564
12/07/2010,1.7636
13/07/2010,1.7517
14/07/2010,1.7649
15/07/2010,1.7682
16/07/2010,1.7784
19/07/2010,1.7846
20/07/2010,1.7792
21/07/2010,1.7758
22/07/2010,1.7621
23/07/2010,1.7609
26/07/2010,1.7661
28/07/2010,1.7642
29/07/2010,1.7635
30/07/2010,1.7564
02/08/2010,1.7481
03/08/2010,1.7586
04/08/2010,1.7555
05/08/2010,1.7527
06/08/2010,1.7558
09/08/2010,1.7529
10/08/2010,1.7568
11/08/2010,1.7655
12/08/2010,1.7723
13/08/2010,1.7708
16/08/2010,1.7631
18/08/2010,1.7505
19/08/2010,1.7576
20/08/2010,1.7589
23/08/2010,1.7579
24/08/2010,1.7719
26/08/2010,1.7588
27/08/2010,1.7536
30/08/2010,1.7583
31/08/2010,1.7552
01/09/2010,1.7433
02/09/2010,1.7359
03/09/2010,1.7273
06/09/2010,1.7251
08/09/2010,1.7223
10/09/2010,1.7178
13/09/2010,1.7166
15/09/2010,1.7161
16/09/2010,1.7176
17/09/2010,1.7158
20/09/2010,1.7208
21/09/2010,1.7247
22/09/2010,1.7176
23/09/2010,1.7186
24/09/2010,1.7112
27/09/2010,1.7092
28/09/2010,1.7085
29/09/2010,1.7045
30/09/2010,1.6934
01/10/2010,1.6804
04/10/2010,1.6874
05/10/2010,1.68
07/10/2010,1.6769
08/10/2010,1.6796
13/10/2010,1.6546
14/10/2010,1.6588
15/10/2010,1.6596
18/10/2010,1.6678
20/10/2010,1.6727
21/10/2010,1.6889
22/10/2010,1.6989
25/10/2010,1.7018
26/10/2010,1.7037
27/10/2010,1.7069
28/10/2010,1.7104
29/10/2010,1.7006
01/11/2010,1.7036
03/11/2010,1.6929
04/11/2010,1.6811
05/11/2010,1.6793
08/11/2010,1.6962
09/11/2010,1.6962
10/11/2010,1.7062
16/11/2010,1.7287
18/11/2010,1.7135
19/11/2010,1.7181
22/11/2010,1.7227
23/11/2010,1.7328
24/11/2010,1.7239
25/11/2010,1.7198
29/11/2010,1.7263
30/11/2010,1.7153
01/12/2010,1.7036
02/12/2010,1.7021
06/12/2010,1.6828
07/12/2010,1.6731
08/12/2010,1.6884
09/12/2010,1.7016
10/12/2010,1.7109
13/12/2010,1.7019
14/12/2010,1.6941
20/12/2010,1.7074
21/12/2010,1.6966
22/12/2010,1.6938
23/12/2010,1.6976
24/12/2010,1.6895
27/12/2010,1.6914
28/12/2010,1.6858
30/12/2010,1.6654
31/12/2010,1.6654
03/01/2011,1.6502
04/01/2011,1.6548
05/01/2011,1.6705
06/01/2011,1.6849
07/01/2011,1.6853
10/01/2011,1.6904
11/01/2011,1.6879
12/01/2011,1.6879
13/01/2011,1.6693
14/01/2011,1.6835
18/01/2011,1.6737
19/01/2011,1.6706
20/01/2011,1.6707
21/01/2011,1.6715
24/01/2011,1.6723
25/01/2011,1.6737
26/01/2011,1.6684
27/01/2011,1.6712
28/01/2011,1.6774
31/01/2011,1.6726
01/02/2011,1.6623
02/02/2011,1.6663
03/02/2011,1.6689
07/02/2011,1.6768
08/02/2011,1.6703
09/02/2011,1.6635
10/02/2011,1.6672
11/02/2011,1.6671
14/02/2011,1.6673
15/02/2011,1.6674
16/02/2011,1.6696
17/02/2011,1.6696
18/02/2011,1.6669
21/02/2011,1.6659
22/02/2011,1.6686
23/02/2011,1.6712
24/02/2011,1.6641
25/02/2011,1.6617
28/02/2011,1.6604
01/03/2011,1.6619
02/03/2011,1.6602
03/03/2011,1.6537
04/03/2011,1.6454
09/03/2011,1.6551
10/03/2011,1.6604
11/03/2011,1.6641
14/03/2011,1.6623
15/03/2011,1.6684
16/03/2011,1.6666
17/03/2011,1.6749
18/03/2011,1.6712
21/03/2011,1.6644
23/03/2011,1.6594
24/03/2011,1.6585
25/03/2011,1.6573
28/03/2011,1.6606
29/03/2011,1.6538
30/03/2011,1.6352
31/03/2011,1.6279
01/04/2011,1.6186
04/04/2011,1.6102
05/04/2011,1.6079
06/04/2011,1.6089
07/04/2011,1.5919
08/04/2011,1.5754
11/04/2011,1.5797
12/04/2011,1.5862
13/04/2011,1.5856
14/04/2011,1.5834
15/04/2011,1.5768
18/04/2011,1.5904
19/04/2011,1.5784
20/04/2011,1.5714
25/04/2011,1.5712
26/04/2011,1.5646
27/04/2011,1.5697
28/04/2011,1.5845
29/04/2011,1.5725
02/05/2011,1.5739
03/05/2011,1.5882
04/05/2011,1.6022
05/05/2011,1.6211
06/05/2011,1.6103
09/05/2011,1.6191
10/05/2011,1.6061
12/05/2011,1.6199
16/05/2011,1.6309
17/05/2011,1.6282
18/05/2011,1.6158
19/05/2011,1.6157
20/05/2011,1.6161
23/05/2011,1.6331
24/05/2011,1.6248
25/05/2011,1.6289
26/05/2011,1.6188
31/05/2011,1.5791
02/06/2011,1.5797
03/06/2011,1.5736
06/06/2011,1.5802
07/06/2011,1.5756
08/06/2011,1.5812
09/06/2011,1.5869
14/06/2011,1.5813
15/06/2011,1.5952
16/06/2011,1.61
17/06/2011,1.5971
20/06/2011,1.5961
21/06/2011,1.5902
22/06/2011,1.5869
27/06/2011,1.5961
28/06/2011,1.5825
29/06/2011,1.5722
30/06/2011,1.5603
01/07/2011,1.5591
04/07/2011,1.5572
05/07/2011,1.5629
06/07/2011,1.5654
07/07/2011,1.5573
08/07/2011,1.5626
11/07/2011,1.5788
12/07/2011,1.5765
13/07/2011,1.5754
14/07/2011,1.5721
15/07/2011,1.5735
19/07/2011,1.5683
20/07/2011,1.5643
21/07/2011,1.5559
22/07/2011,1.5539
25/07/2011,1.5441
26/07/2011,1.5337
27/07/2011,1.5631
28/07/2011,1.5643
29/07/2011,1.5555
01/08/2011,1.5543
02/08/2011,1.5648
03/08/2011,1.5643
04/08/2011,1.5744
05/08/2011,1.5887
08/08/2011,1.5991
09/08/2011,1.6326
10/08/2011,1.6175
11/08/2011,1.6298
12/08/2011,1.6149
15/08/2011,1.5948
17/08/2011,1.5822
18/08/2011,1.6054
19/08/2011,1.5952
22/08/2011,1.6001
23/08/2011,1.6028
24/08/2011,1.6031
25/08/2011,1.6146
26/08/2011,1.6106
29/08/2011,1.5966
30/08/2011,1.5896
31/08/2011,1.5864
01/09/2011,1.6032
02/09/2011,1.6335
05/09/2011,1.6514
06/09/2011,1.6575
08/09/2011,1.6558
09/09/2011,1.6766
12/09/2011,1.6891
13/09/2011,1.7119
15/09/2011,1.7098
16/09/2011,1.7114
19/09/2011,1.7755
20/09/2011,1.7862
21/09/2011,1.8272
22/09/2011,1.9008
23/09/2011,1.8727
26/09/2011,1.8437
27/09/2011,1.8
28/09/2011,1.8123
29/09/2011,1.8283
30/09/2011,1.8536
03/10/2011,1.8804
04/10/2011,1.8848
05/10/2011,1.8449
06/10/2011,1.8109
07/10/2011,1.7659
10/10/2011,1.7471
11/10/2011,1.7652
13/10/2011,1.7529
14/10/2011,1.7369
17/10/2011,1.7481
18/10/2011,1.7717
19/10/2011,1.7597
20/10/2011,1.7819
21/10/2011,1.7796
24/10/2011,1.7761
25/10/2011,1.7541
26/10/2011,1.7599
27/10/2011,1.7316
28/10/2011,1.6979
31/10/2011,1.6878
01/11/2011,1.7499
03/11/2011,1.7262
04/11/2011,1.7408
07/11/2011,1.7486
08/11/2011,1.7446
10/11/2011,1.7603
14/11/2011,1.7642
16/11/2011,1.7765
17/11/2011,1.7767
18/11/2011,1.7716
21/11/2011,1.8053
22/11/2011,1.8062
23/11/2011,1.8434
24/11/2011,1.8652
29/11/2011,1.8478
30/11/2011,1.8102
01/12/2011,1.7922
02/12/2011,1.7836
05/12/2011,1.7823
06/12/2011,1.7906
07/12/2011,1.7974
08/12/2011,1.7934
09/12/2011,1.8123
12/12/2011,1.8211
13/12/2011,1.8403
14/12/2011,1.8721
15/12/2011,1.8602
16/12/2011,1.8458
19/12/2011,1.8608
20/12/2011,1.8501
22/12/2011,1.8571
23/12/2011,1.8554
26/12/2011,1.8559
27/12/2011,1.8578
28/12/2011,1.8626
29/12/2011,1.8751
02/01/2012,1.8676
04/01/2012,1.8265
05/01/2012,1.8365
06/01/2012,1.8442
09/01/2012,1.8435
10/01/2012,1.8036
11/01/2012,1.8041
12/01/2012,1.7867
13/01/2012,1.7846
17/01/2012,1.7754
18/01/2012,1.7785
19/01/2012,1.7642
20/01/2012,1.7664
23/01/2012,1.7521
24/01/2012,1.7643
25/01/2012,1.7623
26/01/2012,1.7382
27/01/2012,1.7429
30/01/2012,1.7502
31/01/2012,1.7385
03/02/2012,1.7216
06/02/2012,1.7243
07/02/2012,1.7255
08/02/2012,1.7189
09/02/2012,1.7219
10/02/2012,1.7254
13/02/2012,1.7162
14/02/2012,1.7167
15/02/2012,1.7151
22/02/2012,1.7069
23/02/2012,1.7033
24/02/2012,1.7091
27/02/2012,1.7082
28/02/2012,1.7017
29/02/2012,1.7086
01/03/2012,1.7146
02/03/2012,1.7239
05/03/2012,1.7308
07/03/2012,1.7685
08/03/2012,1.7691
09/03/2012,1.7761
12/03/2012,1.8151
13/03/2012,1.8096
15/03/2012,1.8
16/03/2012,1.8012
19/03/2012,1.8084
20/03/2012,1.8253
21/03/2012,1.8261
22/03/2012,1.8244
23/03/2012,1.8188
26/03/2012,1.8137
27/03/2012,1.8129
28/03/2012,1.8217
29/03/2012,1.8327
30/03/2012,1.8215
02/04/2012,1.8308
05/04/2012,1.8295
09/04/2012,1.8254
10/04/2012,1.8311
11/04/2012,1.8297
12/04/2012,1.8264
13/04/2012,1.8358
16/04/2012,1.8367
17/04/2012,1.8447
18/04/2012,1.8688
19/04/2012,1.8861
23/04/2012,1.8858
24/04/2012,1.8774
25/04/2012,1.8801
26/04/2012,1.8864
27/04/2012,1.8846
30/04/2012,1.8912
02/05/2012,1.9143
03/05/2012,1.9271
04/05/2012,1.9204
07/05/2012,1.9262
09/05/2012,1.9571
10/05/2012,1.9576
11/05/2012,1.9507
15/05/2012,1.9941
16/05/2012,1.9968
17/05/2012,1.9967
18/05/2012,2.0088
21/05/2012,2.0368
22/05/2012,2.0487
23/05/2012,2.0809
24/05/2012,2.0378
25/05/2012,2.0026
28/05/2012,1.9772
29/05/2012,1.9938
30/05/2012,2.0072
31/05/2012,2.0217
01/06/2012,2.0344
04/06/2012,2.0404
05/06/2012,2.0259
06/06/2012,2.0176
08/06/2012,2.0347
11/06/2012,2.0342
12/06/2012,2.0558
13/06/2012,2.0597
14/06/2012,2.0685
15/06/2012,2.0437
18/06/2012,2.0628
19/06/2012,2.0433
20/06/2012,2.0287
21/06/2012,2.0357
22/06/2012,2.0549
25/06/2012,2.0712
26/06/2012,2.0737
27/06/2012,2.0758
28/06/2012,2.0897
29/06/2012,2.0207
02/07/2012,1.9887
03/07/2012,1.9882
04/07/2012,2.0195
05/07/2012,2.0287
06/07/2012,2.0287
09/07/2012,2.0303
10/07/2012,2.0327
11/07/2012,2.0304
12/07/2012,2.0465
13/07/2012,2.0332
16/07/2012,2.0375
17/07/2012,2.0343
18/07/2012,2.0253
19/07/2012,2.0233
23/07/2012,2.0406
24/07/2012,2.0413
25/07/2012,2.0397
26/07/2012,2.0249
27/07/2012,2.0167
30/07/2012,2.0308
31/07/2012,2.0494
01/08/2012,2.0426
03/08/2012,2.0307
06/08/2012,2.0273
07/08/2012,2.0276
08/08/2012,2.0267
09/08/2012,2.0177
10/08/2012,2.0169
14/08/2012,2.0252
15/08/2012,2.0228
16/08/2012,2.0208
17/08/2012,2.0176
20/08/2012,2.0203
21/08/2012,2.0167
22/08/2012,2.0204
23/08/2012,2.0236
27/08/2012,2.0287
28/08/2012,2.0427
29/08/2012,2.0503
30/08/2012,2.0507
31/08/2012,2.0366
03/09/2012,2.0329
04/09/2012,2.0386
06/09/2012,2.0375
10/09/2012,2.0235
11/09/2012,2.0192
12/09/2012,2.0198
13/09/2012,2.0249
14/09/2012,2.0133
17/09/2012,2.0306
18/09/2012,2.0268
20/09/2012,2.0257
21/09/2012,2.0235
24/09/2012,2.0267
25/09/2012,2.0245
26/09/2012,2.0335
27/09/2012,2.0305
28/09/2012,2.03
01/10/2012,2.0254
04/10/2012,2.0218
08/10/2012,2.0307
09/10/2012,2.0331
10/10/2012,2.0373
11/10/2012,2.0363
15/10/2012,2.0377
16/10/2012,2.0345
19/10/2012,2.0266
23/10/2012,2.0281
24/10/2012,2.0257
25/10/2012,2.0256
26/10/2012,2.0257
29/10/2012,2.0291
30/10/2012,2.0318
31/10/2012,2.0308
01/11/2012,2.0306
05/11/2012,2.0344
06/11/2012,2.0336
07/11/2012,2.0324
08/11/2012,2.0352
09/11/2012,2.0507
13/11/2012,2.0609
14/11/2012,2.0624
16/11/2012,2.0706
20/11/2012,2.0827
21/11/2012,2.0918
22/11/2012,2.0907
26/11/2012,2.0782
27/11/2012,2.0746
28/11/2012,2.0907
29/11/2012,2.0986
30/11/2012,2.1068
03/12/2012,2.1115
04/12/2012,2.1072
06/12/2012,2.0831
07/12/2012,2.0798
10/12/2012,2.0804
11/12/2012,2.0737
12/12/2012,2.0795
13/12/2012,2.0745
14/12/2012,2.0834
17/12/2012,2.0896
19/12/2012,2.0785
21/12/2012,2.0751
24/12/2012,2.0767
26/12/2012,2.0563
27/12/2012,2.0477
28/12/2012,2.0429
31/12/2012,2.0429
02/01/2013,2.0409
03/01/2013,2.0458
04/01/2013,2.0419
07/01/2013,2.0306
09/01/2013,2.0411
10/01/2013,2.0352
11/01/2013,2.0335
14/01/2013,2.0328
15/01/2013,2.0368
16/01/2013,2.0403
17/01/2013,2.0405
18/01/2013,2.0435
21/01/2013,2.0415
22/01/2013,2.0466
23/01/2013,2.0388
24/01/2013,2.0338
25/01/2013,2.0277
28/01/2013,2.0235
29/01/2013,1.9906
30/01/2013,1.9894
31/01/2013,1.9877
01/02/2013,1.9838
04/02/2013,1.9888
05/02/2013,1.9875
06/02/2013,1.9878
07/02/2013,1.9783
13/02/2013,1.9665
15/02/2013,1.9594
19/02/2013,1.9591
20/02/2013,1.9564
21/02/2013,1.9715
22/02/2013,1.9699
26/02/2013,1.9812
27/02/2013,1.9801
28/02/2013,1.9749
01/03/2013,1.9843
04/03/2013,1.9822
05/03/2013,1.9688
06/03/2013,1.9668
07/03/2013,1.9636
08/03/2013,1.9522
11/03/2013,1.9546
12/03/2013,1.9579
13/03/2013,1.9614
14/03/2013,1.9671
15/03/2013,1.9743
18/03/2013,1.9865
19/03/2013,1.9824
20/03/2013,1.9862
21/03/2013,1.9925
25/03/2013,2.0134
26/03/2013,2.0081
27/03/2013,2.0179
28/03/2013,2.0132
02/04/2013,2.0173
03/04/2013,2.0233
04/04/2013,2.0195
05/04/2013,2.0029
08/04/2013,1.9897
09/04/2013,1.9855
10/04/2013,1.9804
11/04/2013,1.9731
12/04/2013,1.9755
15/04/2013,1.9784
16/04/2013,1.9897
17/04/2013,1.9933
18/04/2013,2.0146
19/04/2013,2.0084
22/04/2013,2.0148
23/04/2013,2.0164
24/04/2013,2.0238
25/04/2013,2.0114
26/04/2013,1.9995
29/04/2013,1.9993
30/04/2013,2.0011
02/05/2013,2.0089
03/05/2013,2.0088
06/05/2013,2.0137
07/05/2013,2.0104
08/05/2013,2.0024
09/05/2013,2.0046
10/05/2013,2.0225
13/05/2013,2.0144
14/05/2013,2.0057
15/05/2013,2.0227
16/05/2013,2.0249
17/05/2013,2.0348
20/05/2013,2.0328
21/05/2013,2.0396
22/05/2013,2.0381
23/05/2013,2.0531
24/05/2013,2.0489
27/05/2013,2.0521
29/05/2013,2.0888
31/05/2013,2.1314
03/06/2013,2.1349
04/06/2013,2.1276
05/06/2013,2.1229
06/06/2013,2.1244
07/06/2013,2.1367
10/06/2013,2.1501
11/06/2013,2.1515
12/06/2013,2.1415
13/06/2013,2.1441
14/06/2013,2.1361
17/06/2013,2.1532
18/06/2013,2.17
19/06/2013,2.1738
20/06/2013,2.2517
21/06/2013,2.2642
24/06/2013,2.2509
26/06/2013,2.1969
01/07/2013,2.2292
02/07/2013,2.2407
03/07/2013,2.2628
04/07/2013,2.2589
05/07/2013,2.2639
08/07/2013,2.2577
09/07/2013,2.2615
10/07/2013,2.2691
11/07/2013,2.2666
12/07/2013,2.2664
15/07/2013,2.2543
16/07/2013,2.2347
17/07/2013,2.2366
18/07/2013,2.2291
19/07/2013,2.2358
23/07/2013,2.2261
24/07/2013,2.2342
25/07/2013,2.2491
26/07/2013,2.2483
29/07/2013,2.2603
30/07/2013,2.2729
31/07/2013,2.2897
01/08/2013,2.2908
02/08/2013,2.2927
05/08/2013,2.3004
06/08/2013,2.2949
07/08/2013,2.3022
08/08/2013,2.2876
09/08/2013,2.2743
12/08/2013,2.2716
13/08/2013,2.3029
14/08/2013,2.3112
15/08/2013,2.3428
16/08/2013,2.3559
19/08/2013,2.3974
20/08/2013,2.3937
21/08/2013,2.4163
22/08/2013,2.4451
23/08/2013,2.3862
26/08/2013,2.3699
27/08/2013,2.3992
28/08/2013,2.3509
29/08/2013,2.3572
30/08/2013,2.3719
02/09/2013,2.3637
03/09/2013,2.3891
04/09/2013,2.3532
05/09/2013,2.3308
06/09/2013,2.2973
09/09/2013,2.2862
10/09/2013,2.2773
11/09/2013,2.2941
12/09/2013,2.2763
13/09/2013,2.2779
16/09/2013,2.2643
17/09/2013,2.2611
18/09/2013,2.2483
19/09/2013,2.2029
20/09/2013,2.2047
23/09/2013,2.2026
24/09/2013,2.2025
25/09/2013,2.2218
26/09/2013,2.2279
27/09/2013,2.2565
30/09/2013,2.2294
01/10/2013,2.2118
02/10/2013,2.2082
03/10/2013,2.2063
04/10/2013,2.2045
07/10/2013,2.2081
09/10/2013,2.2048
10/10/2013,2.1844
11/10/2013,2.1815
14/10/2013,2.1811
15/10/2013,2.1812
16/10/2013,2.1623
17/10/2013,2.1605
21/10/2013,2.1732
22/10/2013,2.1754
23/10/2013,2.1821
24/10/2013,2.1997
25/10/2013,2.1842
29/10/2013,2.1798
30/10/2013,2.1882
01/11/2013,2.2462
05/11/2013,2.2741
06/11/2013,2.2779
07/11/2013,2.2819
08/11/2013,2.3164
11/11/2013,2.3136
12/11/2013,2.3356
13/11/2013,2.3228
14/11/2013,2.3283
18/11/2013,2.2822
19/11/2013,2.2656
20/11/2013,2.2713
21/11/2013,2.3061
22/11/2013,2.2906
25/11/2013,2.2865
26/11/2013,2.3034
27/11/2013,2.3052
28/11/2013,2.3202
29/11/2013,2.3243
02/12/2013,2.3443
03/12/2013,2.3552
05/12/2013,2.3741
06/12/2013,2.3519
09/12/2013,2.3218
10/12/2013,2.3096
11/12/2013,2.3256
12/12/2013,2.3333
13/12/2013,2.3348
16/12/2013,2.3249
17/12/2013,2.3215
18/12/2013,2.3268
19/12/2013,2.3522
20/12/2013,2.3811
23/12/2013,2.37
24/12/2013,2.3543
26/12/2013,2.3501
27/12/2013,2.3532
02/01/2014,2.3969
03/01/2014,2.3734
06/01/2014,2.3783
07/01/2014,2.3628
08/01/2014,2.3773
09/01/2014,2.3954
10/01/2014,2.3813
13/01/2014,2.3485
14/01/2014,2.3611
15/01/2014,2.3465
16/01/2014,2.3677
17/01/2014,2.3595
20/01/2014,2.3329
21/01/2014,2.3602
22/01/2014,2.3595
23/01/2014,2.3755
24/01/2014,2.4123
27/01/2014,2.4038
28/01/2014,2.4159
30/01/2014,2.4218
31/01/2014,2.4257
03/02/2014,2.4084
04/02/2014,2.4171
05/02/2014,2.4101
06/02/2014,2.4035
07/02/2014,2.3811
13/02/2014,2.4232
14/02/2014,2.3919
17/02/2014,2.3864
18/02/2014,2.3977
20/02/2014,2.3793
21/02/2014,2.3619
24/02/2014,2.3385
25/02/2014,2.3361
26/02/2014,2.3448
27/02/2014,2.3431
28/02/2014,2.3327
05/03/2014,2.3234
06/03/2014,2.3088
07/03/2014,2.3376
10/03/2014,2.3404
11/03/2014,2.3455
12/03/2014,2.3643
14/03/2014,2.3631
17/03/2014,2.3513
18/03/2014,2.3516
19/03/2014,2.3333
20/03/2014,2.3414
21/03/2014,2.3239
24/03/2014,2.3242
25/03/2014,2.3118
26/03/2014,2.3113
27/03/2014,2.2824
28/03/2014,2.2597
31/03/2014,2.2624
01/04/2014,2.2614
02/04/2014,2.2705
03/04/2014,2.2805
04/04/2014,2.2414
08/04/2014,2.1968
09/04/2014,2.2105
10/04/2014,2.1982
11/04/2014,2.2053
15/04/2014,2.2251
16/04/2014,2.2336
17/04/2014,2.2476
22/04/2014,2.2443
24/04/2014,2.2223
25/04/2014,2.2319
28/04/2014,2.2364
29/04/2014,2.2193
30/04/2014,2.2354
02/05/2014,2.2215
06/05/2014,2.2316
07/05/2014,2.2276
08/05/2014,2.2101
09/05/2014,2.2186
12/05/2014,2.2158
13/05/2014,2.2095
14/05/2014,2.2123
16/05/2014,2.2104
19/05/2014,2.2105
21/05/2014,2.2105
22/05/2014,2.2125
23/05/2014,2.2181
26/05/2014,2.2203
27/05/2014,2.2348
28/05/2014,2.2399
29/05/2014,2.2245
30/05/2014,2.2384
02/06/2014,2.2634
03/06/2014,2.2648
04/06/2014,2.2796
05/06/2014,2.2689
06/06/2014,2.2439
11/06/2014,2.2301
12/06/2014,2.2298
13/06/2014,2.2341
16/06/2014,2.2307
18/06/2014,2.2528
20/06/2014,2.2374
23/06/2014,2.2189
24/06/2014,2.2211
25/06/2014,2.2046
26/06/2014,2.2083
27/06/2014,2.1969
30/06/2014,2.2019
01/07/2014,2.2048
02/07/2014,2.2127
03/07/2014,2.2275
04/07/2014,2.2143
07/07/2014,2.2195
08/07/2014,2.2144
09/07/2014,2.2128
10/07/2014,2.2231
11/07/2014,2.2222
15/07/2014,2.2189
16/07/2014,2.2187
17/07/2014,2.2397
18/07/2014,2.2356
21/07/2014,2.2232
22/07/2014,2.2123
23/07/2014,2.2196
24/07/2014,2.2198
25/07/2014,2.2287
28/07/2014,2.2296
29/07/2014,2.2272
30/07/2014,2.2441
31/07/2014,2.2668
01/08/2014,2.26
04/08/2014,2.2571
06/08/2014,2.2784
07/08/2014,2.2796
11/08/2014,2.2773
12/08/2014,2.2764
13/08/2014,2.2686
14/08/2014,2.2697
15/08/2014,2.2684
18/08/2014,2.2589
19/08/2014,2.2581
20/08/2014,2.2544
21/08/2014,2.2576
22/08/2014,2.2772
25/08/2014,2.2802
26/08/2014,2.2742
27/08/2014,2.2585
28/08/2014,2.2493
01/09/2014,2.2358
02/09/2014,2.2515
03/09/2014,2.2313
08/09/2014,2.2485
09/09/2014,2.2807
10/09/2014,2.2961
11/09/2014,2.2874
12/09/2014,2.3244
15/09/2014,2.3395
16/09/2014,2.3345
17/09/2014,2.3378
18/09/2014,2.3661
22/09/2014,2.3864
24/09/2014,2.4064
25/09/2014,2.4078
26/09/2014,2.4304
29/09/2014,2.4516
30/09/2014,2.4504
01/10/2014,2.4617
02/10/2014,2.4779
03/10/2014,2.4926
06/10/2014,2.4092
07/10/2014,2.4032
08/10/2014,2.4065
09/10/2014,2.3908
10/10/2014,2.4096
13/10/2014,2.3917
14/10/2014,2.3985
16/10/2014,2.4763
20/10/2014,2.4548
21/10/2014,2.4791
22/10/2014,2.4775
23/10/2014,2.4998
24/10/2014,2.4799
27/10/2014,2.5335
28/10/2014,2.4863
30/10/2014,2.4113
31/10/2014,2.4436
03/11/2014,2.4833
04/11/2014,2.5189
05/11/2014,2.5162
06/11/2014,2.5319
07/11/2014,2.5715
10/11/2014,2.5384
11/11/2014,2.5638
12/11/2014,2.5544
13/11/2014,2.5719
14/11/2014,2.6129
17/11/2014,2.6029
18/11/2014,2.5961
19/11/2014,2.5843
21/11/2014,2.5384
24/11/2014,2.5276
26/11/2014,2.5097
27/11/2014,2.5059
28/11/2014,2.5595
01/12/2014,2.5618
02/12/2014,2.5658
03/12/2014,2.5601
04/12/2014,2.5791
05/12/2014,2.5882
08/12/2014,2.5917
10/12/2014,2.5925
11/12/2014,2.6265
12/12/2014,2.6552
15/12/2014,2.6711
16/12/2014,2.7397
18/12/2014,2.6669
23/12/2014,2.6769
24/12/2014,2.6822
26/12/2014,2.6806
29/12/2014,2.6777
30/12/2014,2.6556
31/12/2014,2.6556
02/01/2015,2.6923
05/01/2015,2.7101
06/01/2015,2.7016
07/01/2015,2.6801
08/01/2015,2.6913
09/01/2015,2.6577
12/01/2015,2.6569
13/01/2015,2.6479
14/01/2015,2.6216
15/01/2015,2.6116
16/01/2015,2.6187
19/01/2015,2.6237
20/01/2015,2.6241
21/01/2015,2.5961
22/01/2015,2.5748
27/01/2015,2.5803
28/01/2015,2.5791
29/01/2015,2.5954
30/01/2015,2.6617
02/02/2015,2.6888
03/02/2015,2.7053
04/02/2015,2.7142
06/02/2015,2.7635
09/02/2015,2.7867
10/02/2015,2.8069
12/02/2015,2.8619
13/02/2015,2.8385
18/02/2015,2.8424
19/02/2015,2.8539
20/02/2015,2.8694
23/02/2015,2.8805
24/02/2015,2.8643
26/02/2015,2.8721
27/02/2015,2.8777
02/03/2015,2.8649
03/03/2015,2.9045
04/03/2015,2.9798
05/03/2015,2.9925
09/03/2015,3.1012
10/03/2015,3.1293
11/03/2015,3.1156
12/03/2015,3.1165
13/03/2015,3.2258
16/03/2015,3.2251
17/03/2015,3.2677
18/03/2015,3.2512
19/03/2015,3.2635
20/03/2015,3.2417
23/03/2015,3.1793
24/03/2015,3.1304
25/03/2015,3.1469
26/03/2015,3.1909
27/03/2015,3.2253
30/03/2015,3.2595
31/03/2015,3.2074
01/04/2015,3.1549
02/04/2015,3.1486
07/04/2015,3.1225
08/04/2015,3.0828
09/04/2015,3.0459
10/04/2015,3.0789
13/04/2015,3.1005
14/04/2015,3.0874
15/04/2015,3.0675
16/04/2015,3.0243
17/04/2015,3.0538
20/04/2015,3.0467
23/04/2015,3.0077
24/04/2015,2.9739
27/04/2015,2.9229
28/04/2015,2.8937
29/04/2015,2.9369
04/05/2015,3.0748
05/05/2015,3.0619
06/05/2015,3.0414
07/05/2015,3.0415
08/05/2015,2.9959
11/05/2015,3.0169
12/05/2015,3.0382
13/05/2015,3.0096
14/05/2015,3.0026
15/05/2015,2.9887
18/05/2015,3.0139
19/05/2015,3.0278
21/05/2015,3.0289
22/05/2015,3.0647
25/05/2015,3.1206
26/05/2015,3.1345
27/05/2015,3.1734
28/05/2015,3.1741
29/05/2015,3.1781
01/06/2015,3.1783
02/06/2015,3.1437
03/06/2015,3.1178
05/06/2015,3.1677
08/06/2015,3.1184
09/06/2015,3.0985
10/06/2015,3.0837
11/06/2015,3.1508
12/06/2015,3.1101
16/06/2015,3.1076
17/06/2015,3.0983
18/06/2015,3.0466
19/06/2015,3.0782
22/06/2015,3.0751
23/06/2015,3.1036
24/06/2015,3.0846
25/06/2015,3.1009
26/06/2015,3.1265
29/06/2015,3.1383
30/06/2015,3.1019
01/07/2015,3.1185
02/07/2015,3.1166
03/07/2015,3.1265
06/07/2015,3.1425
07/07/2015,3.1803
08/07/2015,3.2275
09/07/2015,3.2152
10/07/2015,3.1891
13/07/2015,3.1588
14/07/2015,3.1224
15/07/2015,3.1526
16/07/2015,3.1369
17/07/2015,3.1826
20/07/2015,3.2143
21/07/2015,3.1807
22/07/2015,3.2088
23/07/2015,3.2844
24/07/2015,3.3248
27/07/2015,3.3551
28/07/2015,3.3808
29/07/2015,3.3413
30/07/2015,3.3646
31/07/2015,3.3934
03/08/2015,3.4419
04/08/2015,3.4669
05/08/2015,3.4844
06/08/2015,3.5341
07/08/2015,3.5175
10/08/2015,3.4903
11/08/2015,3.4919
13/08/2015,3.5068
14/08/2015,3.4755
17/08/2015,3.4739
18/08/2015,3.4805
19/08/2015,3.4843
20/08/2015,3.4745
24/08/2015,3.5488
25/08/2015,3.5339
27/08/2015,3.5549
28/08/2015,3.5784
31/08/2015,3.6461
01/09/2015,3.6719
02/09/2015,3.7307
03/09/2015,3.7753
08/09/2015,3.8021
09/09/2015,3.7864
10/09/2015,3.8691
11/09/2015,3.8692
14/09/2015,3.8647
15/09/2015,3.8593
16/09/2015,3.8361
17/09/2015,3.8915
18/09/2015,3.9015
21/09/2015,3.9815
22/09/2015,4.0419
23/09/2015,4.1034
24/09/2015,4.1942
25/09/2015,3.9472
28/09/2015,4.0093
29/09/2015,4.1165
30/09/2015,3.9722
01/10/2015,3.9788
02/10/2015,4.0003
05/10/2015,3.9135
06/10/2015,3.8561
07/10/2015,3.8053
08/10/2015,3.8511
13/10/2015,3.8243
14/10/2015,3.8501
15/10/2015,3.8337
16/10/2015,3.8432
19/10/2015,3.9009
22/10/2015,3.9354
23/10/2015,3.8982
26/10/2015,3.8575
27/10/2015,3.9108
28/10/2015,3.8791
29/10/2015,3.9321
30/10/2015,3.8582
05/11/2015,3.7887
06/11/2015,3.8053
09/11/2015,3.7922
10/11/2015,3.7975
13/11/2015,3.8016
17/11/2015,3.8045
18/11/2015,3.7915
19/11/2015,3.7435
20/11/2015,3.7
23/11/2015,3.7224
24/11/2015,3.7075
25/11/2015,3.7682
26/11/2015,3.76
27/11/2015,3.7392
30/11/2015,3.8499
01/12/2015,3.8739
02/12/2015,3.8539
03/12/2015,3.7964
04/12/2015,3.7569
08/12/2015,3.7915
09/12/2015,3.7573
10/12/2015,3.7679
11/12/2015,3.8541
14/12/2015,3.9017
15/12/2015,3.8697
16/12/2015,3.9351
17/12/2015,3.8923
18/12/2015,3.9056
21/12/2015,3.9825
22/12/2015,3.9764
23/12/2015,3.9626
24/12/2015,3.9511
29/12/2015,3.8486
30/12/2015,3.9042
31/12/2015,3.9042
05/01/2016,4.0108
06/01/2016,4.0297
07/01/2016,4.0469
08/01/2016,4.0244
11/01/2016,4.0147
12/01/2016,4.0293
13/01/2016,3.9857
14/01/2016,4.0217
15/01/2016,4.0396
18/01/2016,4.0358
19/01/2016,4.0297
20/01/2016,4.0855
21/01/2016,4.1552
22/01/2016,4.1226
25/01/2016,4.0991
26/01/2016,4.0961
27/01/2016,4.0441
28/01/2016,4.0832
29/01/2016,4.0422
01/02/2016,3.9979
02/02/2016,3.9913
03/02/2016,3.9552
04/02/2016,3.8646
05/02/2016,3.8969
10/02/2016,3.9406
11/02/2016,3.9636
12/02/2016,3.9884
15/02/2016,3.9879
16/02/2016,4.0207
17/02/2016,4.0312
18/02/2016,4.0084
19/02/2016,4.0486
22/02/2016,3.9612
23/02/2016,3.9678
24/02/2016,3.9894
25/02/2016,3.9394
26/02/2016,3.9571
01/03/2016,3.9907
03/03/2016,3.8498
04/03/2016,3.7182
07/03/2016,3.7708
08/03/2016,3.7807
09/03/2016,3.7031
10/03/2016,3.6694
11/03/2016,3.6265
14/03/2016,3.6232
16/03/2016,3.8073
17/03/2016,3.6439
21/03/2016,3.6223
22/03/2016,3.6067
23/03/2016,3.6525
24/03/2016,3.6942
28/03/2016,3.6401
29/03/2016,3.6681
31/03/2016,3.5583
01/04/2016,3.5793
04/04/2016,3.5865
05/04/2016,3.6575
06/04/2016,3.6743
07/04/2016,3.6915
08/04/2016,3.6379
11/04/2016,3.5278
12/04/2016,3.54
13/04/2016,3.5423
18/04/2016,3.5898
19/04/2016,3.5532
20/04/2016,3.5497
22/04/2016,3.5823
25/04/2016,3.5466
26/04/2016,3.5294
27/04/2016,3.5289
28/04/2016,3.4986
29/04/2016,3.4502
02/05/2016,3.4985
03/05/2016,3.5544
04/05/2016,3.5391
06/05/2016,3.5356
10/05/2016,3.4766
11/05/2016,3.4639
12/05/2016,3.4871
13/05/2016,3.5035
16/05/2016,3.5029
17/05/2016,3.5031
18/05/2016,3.5362
19/05/2016,3.5997
20/05/2016,3.5413
23/05/2016,3.5654
24/05/2016,3.5485
25/05/2016,3.5798
27/05/2016,3.6162
30/05/2016,3.5991
31/05/2016,3.5945
02/06/2016,3.5955
03/06/2016,3.5403
06/06/2016,3.5092
07/06/2016,3.4739
08/06/2016,3.3892
09/06/2016,3.3811
10/06/2016,3.4255
13/06/2016,3.4527
14/06/2016,3.4833
15/06/2016,3.4762
16/06/2016,3.4898
17/06/2016,3.4366
20/06/2016,3.3829
21/06/2016,3.3891
22/06/2016,3.3877
23/06/2016,3.3527
24/06/2016,3.3766
27/06/2016,3.3928
28/06/2016,3.3261
29/06/2016,3.2429
30/06/2016,3.2092
01/07/2016,3.2292
04/07/2016,3.2474
05/07/2016,3.2898
06/07/2016,3.3236
07/07/2016,3.3382
08/07/2016,3.2962
11/07/2016,3.3025
12/07/2016,3.2744
14/07/2016,3.2305
18/07/2016,3.2628
19/07/2016,3.2795
20/07/2016,3.2506
21/07/2016,3.2579
22/07/2016,3.2848
25/07/2016,3.2813
26/07/2016,3.2784
29/07/2016,3.2384
01/08/2016,3.2656
02/08/2016,3.2484
03/08/2016,3.2727
04/08/2016,3.2177
05/08/2016,3.1853
08/08/2016,3.1765
09/08/2016,3.1497
10/08/2016,3.1296
11/08/2016,3.1358
12/08/2016,3.1596
15/08/2016,3.1666
16/08/2016,3.1743
17/08/2016,3.2242
18/08/2016,3.2209
19/08/2016,3.2261
22/08/2016,3.2157
23/08/2016,3.2047
24/08/2016,3.2366
25/08/2016,3.2313
26/08/2016,3.2147
29/08/2016,3.2607
30/08/2016,3.2519
31/08/2016,3.2397
01/09/2016,3.2466
02/09/2016,3.2425
05/09/2016,3.2715
06/09/2016,3.2446
08/09/2016,3.1928
09/09/2016,3.2632
12/09/2016,3.2848
13/09/2016,3.2966
14/09/2016,3.3256
16/09/2016,3.2998
20/09/2016,3.2534
21/09/2016,3.2402
22/09/2016,3.2009
23/09/2016,3.2236
26/09/2016,3.2394
27/09/2016,3.2352
29/09/2016,3.2229
30/09/2016,3.2456
03/10/2016,3.2332
04/10/2016,3.2197
05/10/2016,3.2353
06/10/2016,3.2304
07/10/2016,3.2128
10/10/2016,3.2119
13/10/2016,3.2081
14/10/2016,3.1858
17/10/2016,3.1957
18/10/2016,3.1868
19/10/2016,3.1794
20/10/2016,3.1599
21/10/2016,3.1587
24/10/2016,3.1305
25/10/2016,3.1187
26/10/2016,3.1213
27/10/2016,3.1423
28/10/2016,3.1809
31/10/2016,3.1805
01/11/2016,3.2047
03/11/2016,3.2304
04/11/2016,3.2443
07/11/2016,3.2018
08/11/2016,3.2018
09/11/2016,3.2252
10/11/2016,3.3098
11/11/2016,3.4371
16/11/2016,3.4177
17/11/2016,3.4046
18/11/2016,3.3911
21/11/2016,3.3511
23/11/2016,3.3921
24/11/2016,3.3981
25/11/2016,3.4273
29/11/2016,3.4054
30/11/2016,3.3961
01/12/2016,3.4356
02/12/2016,3.4644
05/12/2016,3.4592
06/12/2016,3.4348
07/12/2016,3.3889
08/12/2016,3.4002
09/12/2016,3.3852
12/12/2016,3.3691
13/12/2016,3.3334
14/12/2016,3.3097
15/12/2016,3.3824
16/12/2016,3.3706
19/12/2016,3.3772
21/12/2016,3.3291
22/12/2016,3.3296
26/12/2016,3.2695
28/12/2016,3.2768
29/12/2016,3.2585
30/12/2016,3.2585
02/01/2017,3.2723
03/01/2017,3.2626
04/01/2017,3.2327
05/01/2017,3.2123
06/01/2017,3.2051
09/01/2017,3.2091
10/01/2017,3.1912
11/01/2017,3.2148
12/01/2017,3.1655
13/01/2017,3.2028
16/01/2017,3.2228
17/01/2017,3.2094
18/01/2017,3.2205
19/01/2017,3.2107
20/01/2017,3.1912
23/01/2017,3.1603
24/01/2017,3.1643
25/01/2017,3.1679
26/01/2017,3.1798
31/01/2017,3.1264
01/02/2017,3.1473
03/02/2017,3.1235
06/02/2017,3.1173
07/02/2017,3.1298
08/02/2017,3.1248
09/02/2017,3.1179
10/02/2017,3.1149
13/02/2017,3.1169
14/02/2017,3.0998
15/02/2017,3.0773
16/02/2017,3.0504
17/02/2017,3.0944
20/02/2017,3.0912
21/02/2017,3.0964
22/02/2017,3.0818
23/02/2017,3.0632
24/02/2017,3.0987
02/03/2017,3.1132
03/03/2017,3.1358
06/03/2017,3.1105
07/03/2017,3.1179
08/03/2017,3.1471
09/03/2017,3.1729
10/03/2017,3.1617
13/03/2017,3.1535
14/03/2017,3.1633
15/03/2017,3.1623
16/03/2017,3.1074
17/03/2017,3.1069
20/03/2017,3.0892
21/03/2017,3.0759
22/03/2017,3.0933
23/03/2017,3.1242
24/03/2017,3.1276
28/03/2017,3.1297
29/03/2017,3.1223
30/03/2017,3.1241
31/03/2017,3.1678
03/04/2017,3.1161
04/04/2017,3.1225
05/04/2017,3.0917
06/04/2017,3.1154
07/04/2017,3.1296
10/04/2017,3.1403
11/04/2017,3.1418
12/04/2017,3.1457
13/04/2017,3.1263
18/04/2017,3.0952
19/04/2017,3.1288
20/04/2017,3.1447
24/04/2017,3.1245
25/04/2017,3.1571
26/04/2017,3.1841
27/04/2017,3.1757
28/04/2017,3.1978
02/05/2017,3.1718
03/05/2017,3.1483
04/05/2017,3.1774
05/05/2017,3.1758
08/05/2017,3.1932
09/05/2017,3.1851
10/05/2017,3.16
11/05/2017,3.1553
12/05/2017,3.1284
15/05/2017,3.1005
16/05/2017,3.0918
18/05/2017,3.3756
19/05/2017,3.2872
22/05/2017,3.2857
23/05/2017,3.2648
24/05/2017,3.2623
25/05/2017,3.2818
26/05/2017,3.2608
29/05/2017,3.2703
30/05/2017,3.2653
31/05/2017,3.2431
01/06/2017,3.2301
02/06/2017,3.2395
05/06/2017,3.2814
06/06/2017,3.2811
07/06/2017,3.2741
08/06/2017,3.2832
09/06/2017,3.2734
13/06/2017,3.3202
16/06/2017,3.2886
19/06/2017,3.2969
20/06/2017,3.3139
21/06/2017,3.3241
22/06/2017,3.3356
23/06/2017,3.3336
26/06/2017,3.3122
27/06/2017,3.3166
28/06/2017,3.3024
29/06/2017,3.2946
30/06/2017,3.3076
03/07/2017,3.3009
04/07/2017,3.3044
05/07/2017,3.3187
06/07/2017,3.3058
07/07/2017,3.2889
10/07/2017,3.2644
11/07/2017,3.2516
12/07/2017,3.2258
13/07/2017,3.2102
14/07/2017,3.1893
17/07/2017,3.1815
18/07/2017,3.1662
19/07/2017,3.1527
20/07/2017,3.1396
24/07/2017,3.1453
26/07/2017,3.1651
27/07/2017,3.1507
28/07/2017,3.1451
31/07/2017,3.1301
01/08/2017,3.1154
02/08/2017,3.1262
03/08/2017,3.1188
04/08/2017,3.1218
07/08/2017,3.1261
08/08/2017,3.1314
09/08/2017,3.1458
10/08/2017,3.1537
11/08/2017,3.1689
14/08/2017,3.1882
16/08/2017,3.1664
17/08/2017,3.1597
18/08/2017,3.1648
21/08/2017,3.1437
22/08/2017,3.1533
23/08/2017,3.1563
24/08/2017,3.1398
25/08/2017,3.1456
28/08/2017,3.1557
29/08/2017,3.1689
30/08/2017,3.1632
31/08/2017,3.1465
01/09/2017,3.1327
04/09/2017,3.1383
05/09/2017,3.1197
06/09/2017,3.1127
08/09/2017,3.0902
11/09/2017,3.0846
12/09/2017,3.1138
13/09/2017,3.1337
14/09/2017,3.1348
15/09/2017,3.1249
18/09/2017,3.1233
19/09/2017,3.1317
20/09/2017,3.1275
21/09/2017,3.1341
22/09/2017,3.1279
25/09/2017,3.1406
26/09/2017,3.1668
27/09/2017,3.1926
28/09/2017,3.1865
29/09/2017,3.1674
02/10/2017,3.1636
03/10/2017,3.1496
04/10/2017,3.1309
05/10/2017,3.1341
06/10/2017,3.1642
09/10/2017,3.1764
10/10/2017,3.1682
11/10/2017,3.1633
13/10/2017,3.1567
16/10/2017,3.1601
17/10/2017,3.1763
18/10/2017,3.1667
19/10/2017,3.1727
20/10/2017,3.1827
23/10/2017,3.1997
24/10/2017,3.2464
25/10/2017,3.2381
26/10/2017,3.2438
27/10/2017,3.2795
30/10/2017,3.2541
31/10/2017,3.2763
03/11/2017,3.2914
06/11/2017,3.2845
07/11/2017,3.2727
08/11/2017,3.2503
09/11/2017,3.2509
10/11/2017,3.2655
13/11/2017,3.2867
14/11/2017,3.2828
16/11/2017,3.2802
17/11/2017,3.2782
20/11/2017,3.2608
21/11/2017,3.2585
22/11/2017,3.2555
23/11/2017,3.2365
24/11/2017,3.2294
27/11/2017,3.2212
28/11/2017,3.2226
04/12/2017,3.25
05/12/2017,3.2316
06/12/2017,3.2348
07/12/2017,3.2886
08/12/2017,3.2805
11/12/2017,3.2839
12/12/2017,3.3143
14/12/2017,3.3326
15/12/2017,3.3176
18/12/2017,3.2875
19/12/2017,3.2877
20/12/2017,3.2903
21/12/2017,3.3039
22/12/2017,3.3203
26/12/2017,3.3194
27/12/2017,3.3024
28/12/2017,3.3074
29/12/2017,3.3074
02/01/2018,3.2691
03/01/2018,3.2529
04/01/2018,3.2312
05/01/2018,3.2403
08/01/2018,3.2351
09/01/2018,3.2391
10/01/2018,3.2461
11/01/2018,3.2295
12/01/2018,3.2192
15/01/2018,3.1957
16/01/2018,3.2213
17/01/2018,3.2318
18/01/2018,3.2123
19/01/2018,3.2081
22/01/2018,3.1928
23/01/2018,3.2243
24/01/2018,3.1964
26/01/2018,3.1444
29/01/2018,3.1648
30/01/2018,3.1655
31/01/2018,3.1618
01/02/2018,3.1724
02/02/2018,3.2054
05/02/2018,3.2349
06/02/2018,3.2607
07/02/2018,3.2461
08/02/2018,3.2686
09/02/2018,3.2815
14/02/2018,3.2531
15/02/2018,3.2202
16/02/2018,3.2375
19/02/2018,3.2341
20/02/2018,3.2501
21/02/2018,3.2549
22/02/2018,3.2592
23/02/2018,3.2411
26/02/2018,3.2345
27/02/2018,3.2377
28/02/2018,3.2443
01/03/2018,3.2614
02/03/2018,3.2608
05/03/2018,3.2576
07/03/2018,3.2312
08/03/2018,3.2512
12/03/2018,3.26
13/03/2018,3.2486
14/03/2018,3.2578
15/03/2018,3.2853
16/03/2018,3.2899
19/03/2018,3.2905
20/03/2018,3.2975
21/03/2018,3.2915
22/03/2018,3.3027
23/03/2018,3.3035
26/03/2018,3.3028
28/03/2018,3.3374
29/03/2018,3.3232
02/04/2018,3.3098
03/04/2018,3.3133
04/04/2018,3.3532
09/04/2018,3.3897
10/04/2018,3.4189
11/04/2018,3.4046
12/04/2018,3.3852
13/04/2018,3.4099
16/04/2018,3.4257
17/04/2018,3.4035
18/04/2018,3.3838
19/04/2018,3.3971
20/04/2018,3.4096
23/04/2018,3.4415
24/04/2018,3.4661
25/04/2018,3.5034
26/04/2018,3.4971
30/04/2018,3.4805
02/05/2018,3.5418
03/05/2018,3.5478
04/05/2018,3.5302
07/05/2018,3.5452
08/05/2018,3.5782
09/05/2018,3.5937
10/05/2018,3.5561
14/05/2018,3.6091
15/05/2018,3.6747
16/05/2018,3.6797
17/05/2018,3.6868
18/05/2018,3.7497
21/05/2018,3.7066
22/05/2018,3.6496
23/05/2018,3.6501
25/05/2018,3.6581
28/05/2018,3.7086
29/05/2018,3.7283
30/05/2018,3.7364
01/06/2018,3.7407
04/06/2018,3.7418
05/06/2018,3.7746
06/06/2018,3.8187
07/06/2018,3.8994
08/06/2018,3.7853
11/06/2018,3.6907
12/06/2018,3.7038
13/06/2018,3.7048
14/06/2018,3.7051
15/06/2018,3.7732
18/06/2018,3.7537
20/06/2018,3.7329
21/06/2018,3.7888
22/06/2018,3.7657
25/06/2018,3.7754
26/06/2018,3.7715
27/06/2018,3.8352
28/06/2018,3.8515
29/06/2018,3.8552
02/07/2018,3.9049
